city,year,band,slope,intercept,r2,before_mean,after_mean,ref_mean,status
pune,2018,blue,1.0,0.0,1.0,0.093183,0.093183,0.096242,Excluded from Fit (Identity)
pune,2018,green,1.0,0.0,1.0,0.112923,0.112923,0.109399,Excluded from Fit (Identity)
pune,2018,red,1.0,0.0,1.0,0.130199,0.130199,0.116708,Excluded from Fit (Identity)
pune,2018,nir,1.0,0.0,1.0,0.1763,0.1763,0.174678,Excluded from Fit (Identity)
pune,2018,swir16,1.0,0.0,1.0,0.200158,0.200158,0.182544,Excluded from Fit (Identity)
pune,2019,blue,1.0,0.0,1.0,0.09638,0.09638,0.096242,Excluded from Fit (Identity)
pune,2019,green,1.0,0.0,1.0,0.114898,0.114898,0.109399,Excluded from Fit (Identity)
pune,2019,red,1.0,0.0,1.0,0.126798,0.126798,0.116708,Excluded from Fit (Identity)
pune,2019,nir,1.0,0.0,1.0,0.190174,0.190174,0.174678,Excluded from Fit (Identity)
pune,2019,swir16,1.0,0.0,1.0,0.20514,0.20514,0.182544,Excluded from Fit (Identity)
pune,2020,blue,1.226538,-0.016451,0.8693,0.091879,0.096242,0.096242,TLS Calibrated
pune,2020,green,1.154677,-0.015869,0.8663,0.108487,0.109399,0.109399,TLS Calibrated
pune,2020,red,1.080825,-0.013365,0.8826,0.120346,0.116708,0.116708,TLS Calibrated
pune,2020,nir,1.087098,-0.006827,0.8857,0.166963,0.174678,0.174678,TLS Calibrated
pune,2020,swir16,1.02435,-0.006443,0.9542,0.184494,0.182544,0.182544,TLS Calibrated
pune,2021,blue,1.0,0.0,1.0,0.096242,0.096242,0.096242,Reference Year
pune,2021,green,1.0,0.0,1.0,0.109399,0.109399,0.109399,Reference Year
pune,2021,red,1.0,0.0,1.0,0.116708,0.116708,0.116708,Reference Year
pune,2021,nir,1.0,0.0,1.0,0.174678,0.174678,0.174678,Reference Year
pune,2021,swir16,1.0,0.0,1.0,0.182544,0.182544,0.182544,Reference Year
pune,2022,blue,1.053342,-0.013354,0.8538,0.104113,0.096312,0.096312,TLS Calibrated
pune,2022,green,1.069715,-0.011782,0.853,0.113348,0.109468,0.109468,TLS Calibrated
pune,2022,red,1.090257,-0.009527,0.8668,0.115883,0.116815,0.116815,TLS Calibrated
pune,2022,nir,1.057561,-0.008665,0.8843,0.173566,0.174896,0.174892,TLS Calibrated
pune,2022,swir16,1.034907,0.000444,0.945,0.176185,0.182779,0.182779,TLS Calibrated
pune,2023,blue,1.213341,-0.011941,0.7502,0.089161,0.096242,0.096242,TLS Calibrated
pune,2023,green,1.13545,-0.009283,0.7472,0.104524,0.109399,0.109399,TLS Calibrated
pune,2023,red,1.062423,-0.005629,0.7791,0.115149,0.116708,0.116708,TLS Calibrated
pune,2023,nir,1.072553,0.000105,0.8358,0.162764,0.174678,0.174678,TLS Calibrated
pune,2023,swir16,1.05614,-0.000434,0.9143,0.173251,0.182544,0.182544,TLS Calibrated
pune,2024,blue,0.980605,0.003948,0.7152,0.09412,0.096242,0.096242,TLS Calibrated
pune,2024,green,0.962958,0.004729,0.7021,0.108696,0.109399,0.109399,TLS Calibrated
pune,2024,red,0.959119,0.004285,0.7383,0.117214,0.116708,0.116708,TLS Calibrated
pune,2024,nir,1.015105,0.002171,0.776,0.16994,0.174678,0.174678,TLS Calibrated
pune,2024,swir16,1.015147,0.000623,0.8964,0.179206,0.182544,0.182544,TLS Calibrated
