year,date,mgrs_tile,processing_baseline,cloud_cover_pct,stable_median_red,stable_median_nir,stable_median_swir16,stable_median_blue,flag_red,flag_nir,flag_swir16,flag_blue,flagged,flag_details,scene_id
2018,2018-01-03,42QZL,05.00,0.0,0.1086,0.2678,0.2523,0.0708,FLAG (-26.2%),OK,OK,FLAG (-28.7%),FLAGGED,red (-26.2%); blue (-28.7%),S2B_T42QZL_20180103T055214_L2A
2018,2018-03-14,42QZL,05.00,0.0,0.1744,0.2987,0.3453,0.1034,FLAG (+18.5%),OK,FLAG (+34.1%),OK,FLAGGED,red (+18.5%); swir16 (+34.1%),S2B_T42QZL_20180314T054943_L2A
2018,2017-12-29,42QZL,05.00,0.0,0.1077,0.2563,0.2476,0.0653,FLAG (-26.8%),OK,OK,FLAG (-34.2%),FLAGGED,red (-26.8%); blue (-34.2%),S2A_T42QZL_20171229T055043_L2A
2018,2018-02-12,42QZL,05.00,1.12,0.1366,0.2805,0.2827,0.0835,OK,OK,OK,FLAG (-15.9%),FLAGGED,blue (-15.9%),S2B_T42QZL_20180212T054552_L2A
2018,2018-01-03,43QBF,05.00,0.0,0.1387,0.214,0.2246,0.0967,OK,FLAG (-18.0%),OK,OK,FLAGGED,nir (-18.0%),S2B_T43QBF_20180103T055214_L2A
2018,2017-12-29,43QBF,05.00,0.0,0.1359,0.2078,0.2227,0.0895,OK,FLAG (-20.4%),OK,OK,FLAGGED,nir (-20.4%),S2A_T43QBF_20171229T055043_L2A
2018,2018-03-14,43QBF,05.00,0.0,0.1624,0.2426,0.2667,0.106,OK,OK,OK,OK,OK,Within ±15%,S2B_T43QBF_20180314T054943_L2A
2018,2018-02-12,43QBF,05.00,0.75,0.1493,0.2153,0.2381,0.1005,OK,FLAG (-17.5%),OK,OK,FLAGGED,nir (-17.5%),S2B_T43QBF_20180212T054552_L2A
2019,2018-11-04,42QZL,05.00,0.0,0.1476,0.2649,0.316,0.0848,OK,OK,FLAG (+22.7%),OK,FLAGGED,swir16 (+22.7%),S2A_T42QZL_20181104T054006_L2A
2019,2018-10-25,42QZL,05.00,0.0,0.1597,0.292,0.3265,0.0896,OK,OK,FLAG (+26.8%),OK,FLAGGED,swir16 (+26.8%),S2A_T42QZL_20181025T054559_L2A
2019,2018-10-15,42QZL,05.00,0.0,0.1639,0.3002,0.3319,0.0893,OK,FLAG (+15.0%),FLAG (+28.9%),OK,FLAGGED,nir (+15.0%); swir16 (+28.9%),S2A_T42QZL_20181015T055031_L2A
2019,2019-03-24,42QZL,05.00,0.0,0.1944,0.2917,0.3561,0.1138,FLAG (+32.1%),OK,FLAG (+38.3%),OK,FLAGGED,red (+32.1%); swir16 (+38.3%),S2A_T42QZL_20190324T055102_L2A
2019,2019-03-29,42QZL,05.00,0.0,0.1984,0.294,0.3581,0.1229,FLAG (+34.8%),OK,FLAG (+39.1%),FLAG (+23.8%),FLAGGED,red (+34.8%); swir16 (+39.1%); blue (+23.8%),S2B_T42QZL_20190329T054258_L2A
2019,2019-03-29,43QBF,05.00,0.0,0.1891,0.2647,0.288,0.1261,FLAG (+28.5%),OK,OK,FLAG (+27.0%),FLAGGED,red (+28.5%); blue (+27.0%),S2B_T43QBF_20190329T054258_L2A
2019,2018-10-25,43QBF,05.00,0.0,0.1547,0.2383,0.2539,0.0999,OK,OK,OK,OK,OK,Within ±15%,S2A_T43QBF_20181025T054559_L2A
2019,2019-03-24,43QBF,05.00,0.0,0.1892,0.2602,0.2882,0.1186,FLAG (+28.6%),OK,OK,FLAG (+19.4%),FLAGGED,red (+28.6%); blue (+19.4%),S2A_T43QBF_20190324T055102_L2A
2019,2018-10-15,43QBF,05.00,0.0,0.1613,0.2563,0.2623,0.1016,OK,OK,OK,OK,OK,Within ±15%,S2A_T43QBF_20181015T055031_L2A
2019,2018-11-04,43QBF,05.00,0.12,0.149,0.2223,0.251,0.0983,OK,OK,OK,OK,OK,Within ±15%,S2A_T43QBF_20181104T054006_L2A
2020,2020-03-03,42QZL,05.00,0.0,0.1326,0.2977,0.2945,0.0756,OK,OK,OK,FLAG (-23.9%),FLAGGED,blue (-23.9%),S2B_T42QZL_20200303T054554_L2A
2020,2020-02-27,42QZL,05.00,0.0,0.1195,0.2862,0.2785,0.0674,FLAG (-18.8%),OK,OK,FLAG (-32.1%),FLAGGED,red (-18.8%); blue (-32.1%),S2A_T42QZL_20200227T054840_L2A
2020,2020-02-17,42QZL,05.00,0.0,0.1087,0.2829,0.2574,0.0693,FLAG (-26.1%),OK,OK,FLAG (-30.2%),FLAGGED,red (-26.1%); blue (-30.2%),S2A_T42QZL_20200217T054440_L2A
2020,2020-01-23,42QZL,05.00,0.0,0.1043,0.2825,0.2404,0.0816,FLAG (-29.1%),OK,OK,FLAG (-17.8%),FLAGGED,red (-29.1%); blue (-17.8%),S2B_T42QZL_20200123T054803_L2A
2020,2019-10-15,42QZL,05.00,0.0,0.107,0.2531,0.2629,0.0749,FLAG (-27.3%),OK,OK,FLAG (-24.6%),FLAGGED,red (-27.3%); blue (-24.6%),S2B_T42QZL_20191015T054753_L2A
2020,2020-02-22,42QZL,05.00,0.0,0.1177,0.2868,0.264,0.0794,FLAG (-20.0%),OK,OK,FLAG (-20.0%),FLAGGED,red (-20.0%); blue (-20.0%),S2B_T42QZL_20200222T055150_L2A
2020,2020-03-08,42QZL,05.00,0.0,0.1424,0.2908,0.2964,0.0841,OK,OK,FLAG (+15.1%),FLAG (-15.3%),FLAGGED,swir16 (+15.1%); blue (-15.3%),S2A_T42QZL_20200308T054519_L2A
2020,2020-02-12,42QZL,05.00,0.0,0.1076,0.286,0.2553,0.0787,FLAG (-26.9%),OK,OK,FLAG (-20.7%),FLAGGED,red (-26.9%); blue (-20.7%),S2B_T42QZL_20200212T054015_L2A
2020,2020-02-07,42QZL,05.00,0.0,0.1009,0.2891,0.25,0.0633,FLAG (-31.4%),OK,OK,FLAG (-36.3%),FLAGGED,red (-31.4%); blue (-36.3%),S2A_T42QZL_20200207T054526_L2A
2020,2020-01-18,42QZL,05.00,0.0,0.0985,0.2866,0.2448,0.0624,FLAG (-33.1%),OK,OK,FLAG (-37.2%),FLAGGED,red (-33.1%); blue (-37.2%),S2A_T42QZL_20200118T055101_L2A
2020,2020-02-27,43QBF,05.00,0.0,0.1593,0.2244,0.2519,0.1013,OK,OK,OK,OK,OK,Within ±15%,S2A_T43QBF_20200227T054840_L2A
2020,2020-02-22,43QBF,05.00,0.0,0.1614,0.2314,0.2495,0.1095,OK,OK,OK,OK,OK,Within ±15%,S2B_T43QBF_20200222T055150_L2A
2020,2020-02-17,43QBF,05.00,0.0,0.1557,0.2243,0.2475,0.1013,OK,OK,OK,OK,OK,Within ±15%,S2A_T43QBF_20200217T054440_L2A
2020,2020-03-08,43QBF,05.00,0.0,0.1717,0.2507,0.2634,0.1159,FLAG (+16.7%),OK,OK,FLAG (+16.7%),FLAGGED,red (+16.7%); blue (+16.7%),S2A_T43QBF_20200308T054519_L2A
2020,2020-01-23,43QBF,05.00,0.0,0.1531,0.2225,0.2328,0.1125,OK,OK,OK,OK,OK,Within ±15%,S2B_T43QBF_20200123T054803_L2A
2020,2020-02-07,43QBF,05.00,0.0,0.1558,0.224,0.2416,0.1038,OK,OK,OK,OK,OK,Within ±15%,S2A_T43QBF_20200207T054526_L2A
2020,2020-02-12,43QBF,05.00,0.0,0.157,0.2238,0.2453,0.111,OK,OK,OK,OK,OK,Within ±15%,S2B_T43QBF_20200212T054015_L2A
2020,2020-01-18,43QBF,05.00,0.0,0.1536,0.2244,0.2323,0.1068,OK,OK,OK,OK,OK,Within ±15%,S2A_T43QBF_20200118T055101_L2A
2020,2019-12-14,43QBF,05.00,0.0,0.1412,0.2155,0.2221,0.1064,OK,FLAG (-17.4%),OK,OK,FLAGGED,nir (-17.4%),S2B_T43QBF_20191214T054841_L2A
2020,2019-11-29,43QBF,05.00,0.0,0.157,0.2225,0.2314,0.134,OK,OK,OK,FLAG (+34.9%),FLAGGED,blue (+34.9%),S2A_T43QBF_20191129T054449_L2A
2021,2021-02-26,42QZL,05.00,0.0,0.1491,0.2842,0.3018,0.0917,OK,OK,FLAG (+17.2%),OK,FLAGGED,swir16 (+17.2%),S2B_T42QZL_20210226T054247_L2A
2021,2021-02-21,42QZL,05.00,0.0,0.137,0.2804,0.2894,0.0775,OK,OK,OK,FLAG (-22.0%),FLAGGED,blue (-22.0%),S2A_T42QZL_20210221T054628_L2A
2021,2021-02-01,42QZL,05.00,0.0,0.1192,0.276,0.2609,0.0728,FLAG (-19.0%),OK,OK,FLAG (-26.7%),FLAGGED,red (-19.0%); blue (-26.7%),S2A_T42QZL_20210201T054043_L2A
2021,2020-12-18,42QZL,05.00,0.0,0.1016,0.2733,0.2466,0.0725,FLAG (-31.0%),OK,OK,FLAG (-27.0%),FLAGGED,red (-31.0%); blue (-27.0%),S2B_T42QZL_20201218T054233_L2A
2021,2021-01-12,42QZL,05.00,0.0,0.1113,0.2738,0.2516,0.0726,FLAG (-24.4%),OK,OK,FLAG (-26.9%),FLAGGED,red (-24.4%); blue (-26.9%),S2A_T42QZL_20210112T054208_L2A
2021,2020-11-23,42QZL,05.00,0.0,0.1103,0.2791,0.2655,0.0686,FLAG (-25.0%),OK,OK,FLAG (-30.9%),FLAGGED,red (-25.0%); blue (-30.9%),S2A_T42QZL_20201123T054143_L2A
2021,2021-01-17,42QZL,05.00,0.0,0.0989,0.2829,0.2575,0.0528,FLAG (-32.8%),OK,OK,FLAG (-46.8%),FLAGGED,red (-32.8%); blue (-46.8%),S2B_T42QZL_20210117T054151_L2A
2021,2021-03-23,42QZL,05.00,0.0,0.1837,0.3079,0.3518,0.106,FLAG (+24.8%),FLAG (+18.0%),FLAG (+36.6%),OK,FLAGGED,red (+24.8%); nir (+18.0%); swir16 (+36.6%),S2A_T42QZL_20210323T055138_L2A
2021,2020-12-03,42QZL,05.00,0.0,0.107,0.2703,0.2617,0.068,FLAG (-27.3%),OK,OK,FLAG (-31.5%),FLAGGED,red (-27.3%); blue (-31.5%),S2A_T42QZL_20201203T054212_L2A
2021,2020-10-29,42QZL,05.00,0.0,0.1086,0.2641,0.276,0.0693,FLAG (-26.2%),OK,OK,FLAG (-30.2%),FLAGGED,red (-26.2%); blue (-30.2%),S2B_T42QZL_20201029T054730_L2A
2021,2021-01-12,43QBF,05.00,0.0,0.1476,0.2152,0.2272,0.0994,OK,FLAG (-17.5%),OK,OK,FLAGGED,nir (-17.5%),S2A_T43QBF_20210112T054208_L2A
2021,2020-12-18,43QBF,05.00,0.0,0.145,0.2244,0.224,0.1103,OK,OK,OK,OK,OK,Within ±15%,S2B_T43QBF_20201218T054233_L2A
2021,2020-11-23,43QBF,05.00,0.0,0.1467,0.227,0.2336,0.1009,OK,OK,OK,OK,OK,Within ±15%,S2A_T43QBF_20201123T054143_L2A
2021,2021-02-01,43QBF,05.00,0.0,0.149,0.2166,0.23,0.0992,OK,FLAG (-17.0%),OK,OK,FLAGGED,nir (-17.0%),S2A_T43QBF_20210201T054043_L2A
2021,2020-10-29,43QBF,05.00,0.0,0.1479,0.2396,0.2467,0.106,OK,OK,OK,OK,OK,Within ±15%,S2B_T43QBF_20201029T054730_L2A
2021,2021-01-17,43QBF,05.00,0.0,0.1469,0.2135,0.2285,0.1079,OK,FLAG (-18.2%),OK,OK,FLAGGED,nir (-18.2%),S2B_T43QBF_20210117T054151_L2A
2021,2020-12-03,43QBF,05.00,0.0,0.1424,0.2181,0.2276,0.0966,OK,FLAG (-16.4%),OK,OK,FLAGGED,nir (-16.4%),S2A_T43QBF_20201203T054212_L2A
2021,2021-03-28,43QBF,05.00,0.0,0.182,0.2664,0.2769,0.1229,FLAG (+23.7%),OK,OK,FLAG (+23.8%),FLAGGED,red (+23.7%); blue (+23.8%),S2B_T43QBF_20210328T055222_L2A
2021,2021-02-21,43QBF,05.00,0.0,0.1573,0.2251,0.2468,0.1002,OK,OK,OK,OK,OK,Within ±15%,S2A_T43QBF_20210221T054628_L2A
2021,2021-02-16,43QBF,05.00,0.0,0.1536,0.2205,0.2417,0.1037,OK,FLAG (-15.5%),OK,OK,FLAGGED,nir (-15.5%),S2B_T43QBF_20210216T054724_L2A
2022,2021-12-18,42QZL,05.00,0.0,0.1059,0.2854,0.2603,0.0595,FLAG (-28.0%),OK,OK,FLAG (-40.1%),FLAGGED,red (-28.0%); blue (-40.1%),S2A_T42QZL_20211218T054236_L2A
2022,2021-10-19,42QZL,05.00,0.0,0.1025,0.2842,0.2707,0.0626,FLAG (-30.3%),OK,OK,FLAG (-37.0%),FLAGGED,red (-30.3%); blue (-37.0%),S2A_T42QZL_20211019T054623_L2A
2022,2021-11-13,42QZL,05.00,0.0,0.112,0.31,0.2855,0.0663,FLAG (-23.9%),FLAG (+18.8%),OK,FLAG (-33.2%),FLAGGED,red (-23.9%); nir (+18.8%); blue (-33.2%),S2B_T42QZL_20211113T054056_L2A
2022,2021-12-23,42QZL,05.00,0.0,0.1072,0.2754,0.2513,0.0763,FLAG (-27.1%),OK,OK,FLAG (-23.2%),FLAGGED,red (-27.1%); blue (-23.2%),S2B_T42QZL_20211223T054233_L2A
2022,2021-11-23,42QZL,05.00,0.0,0.0967,0.2792,0.269,0.059,FLAG (-34.3%),OK,OK,FLAG (-40.6%),FLAGGED,red (-34.3%); blue (-40.6%),S2B_T42QZL_20211123T054137_L2A
2022,2021-11-03,42QZL,05.00,0.0,0.1084,0.2925,0.2751,0.0748,FLAG (-26.3%),OK,OK,FLAG (-24.7%),FLAGGED,red (-26.3%); blue (-24.7%),S2B_T42QZL_20211103T055219_L2A
2022,2021-12-08,42QZL,05.00,0.1,0.1158,0.2698,0.2557,0.0921,FLAG (-21.3%),OK,OK,OK,FLAGGED,red (-21.3%),S2A_T42QZL_20211208T054223_L2A
2022,2021-10-14,42QZL,05.00,0.71,0.1028,0.2922,0.2833,0.0696,FLAG (-30.1%),OK,OK,FLAG (-29.9%),FLAGGED,red (-30.1%); blue (-29.9%),S2B_T42QZL_20211014T054911_L2A
2022,2021-10-29,42QZL,05.00,3.03,0.1107,0.2966,0.2761,0.0654,FLAG (-24.8%),OK,OK,FLAG (-34.1%),FLAGGED,red (-24.8%); blue (-34.1%),S2A_T42QZL_20211029T053942_L2A
2022,2021-12-18,43QBF,05.00,0.0,0.1474,0.2252,0.2292,0.1015,OK,OK,OK,OK,OK,Within ±15%,S2A_T43QBF_20211218T054236_L2A
2022,2021-11-13,43QBF,05.00,0.0,0.1579,0.2468,0.2416,0.1236,OK,OK,OK,FLAG (+24.5%),FLAGGED,blue (+24.5%),S2B_T43QBF_20211113T054056_L2A
2022,2021-10-19,43QBF,05.00,0.0,0.1513,0.2555,0.2473,0.1036,OK,OK,OK,OK,OK,Within ±15%,S2A_T43QBF_20211019T054623_L2A
2022,2021-12-23,43QBF,05.00,0.0,0.1448,0.2054,0.2149,0.1128,OK,FLAG (-21.3%),FLAG (-16.5%),OK,FLAGGED,nir (-21.3%); swir16 (-16.5%),S2B_T43QBF_20211223T054233_L2A
2022,2021-11-23,43QBF,05.00,0.0,0.1437,0.2229,0.2354,0.1047,OK,OK,OK,OK,OK,Within ±15%,S2B_T43QBF_20211123T054137_L2A
2022,2021-11-03,43QBF,05.00,0.0,0.1474,0.237,0.2407,0.1054,OK,OK,OK,OK,OK,Within ±15%,S2B_T43QBF_20211103T055219_L2A
2022,2021-12-08,43QBF,05.00,0.17,0.1486,0.2225,0.2314,0.1123,OK,OK,OK,OK,OK,Within ±15%,S2A_T43QBF_20211208T054223_L2A
2022,2021-10-14,43QBF,05.00,0.8,0.152,0.2568,0.2532,0.1119,OK,OK,OK,OK,OK,Within ±15%,S2B_T43QBF_20211014T054911_L2A
2022,2021-10-29,43QBF,05.00,3.25,0.1527,0.2482,0.2439,0.1025,OK,OK,OK,OK,OK,Within ±15%,S2A_T43QBF_20211029T053942_L2A
2023,2023-02-06,42QZL,05.09,0.0,0.132,0.2654,0.2647,0.0878,OK,OK,OK,OK,OK,Within ±15%,S2B_T42QZL_20230206T054847_L2A
2023,2022-12-28,42QZL,05.09,0.0,0.1209,0.2767,0.2575,0.0811,FLAG (-17.8%),OK,OK,FLAG (-18.3%),FLAGGED,red (-17.8%); blue (-18.3%),S2B_T42QZL_20221228T054235_L2A
2023,2023-01-27,42QZL,05.09,0.0,0.1282,0.2887,0.2698,0.0823,OK,OK,OK,FLAG (-17.1%),FLAGGED,blue (-17.1%),S2B_T42QZL_20230127T054834_L2A
2023,2023-01-22,42QZL,05.09,0.0,0.1222,0.2862,0.2617,0.0719,FLAG (-17.0%),OK,OK,FLAG (-27.6%),FLAGGED,red (-17.0%); blue (-27.6%),S2A_T42QZL_20230122T054129_L2A
2023,2023-03-18,42QZL,05.09,0.0,0.1664,0.2752,0.3331,0.1066,OK,OK,FLAG (+29.4%),OK,FLAGGED,swir16 (+29.4%),S2B_T42QZL_20230318T054604_L2A
2023,2023-01-07,42QZL,05.09,0.0,0.1442,0.2728,0.2621,0.1266,OK,OK,OK,FLAG (+27.5%),FLAGGED,blue (+27.5%),S2B_T42QZL_20230107T055210_L2A
2023,2023-01-17,42QZL,05.09,0.0,0.1231,0.2837,0.2549,0.0821,FLAG (-16.3%),OK,OK,FLAG (-17.3%),FLAGGED,red (-16.3%); blue (-17.3%),S2B_T42QZL_20230117T055039_L2A
2023,2022-12-18,42QZL,05.09,0.0,0.117,0.2688,0.2646,0.0766,FLAG (-20.5%),OK,OK,FLAG (-22.9%),FLAGGED,red (-20.5%); blue (-22.9%),S2B_T42QZL_20221218T054234_L2A
2023,2023-03-28,42QZL,05.09,0.0,0.1787,0.2869,0.3404,0.1156,FLAG (+21.4%),OK,FLAG (+32.2%),FLAG (+16.4%),FLAGGED,red (+21.4%); swir16 (+32.2%); blue (+16.4%),S2B_T42QZL_20230328T054751_L2A
2023,2022-12-23,42QZL,05.09,0.0,0.1198,0.2805,0.2622,0.0708,FLAG (-18.6%),OK,OK,FLAG (-28.7%),FLAGGED,red (-18.6%); blue (-28.7%),S2A_T42QZL_20221223T054236_L2A
2023,2023-03-18,43QBF,05.09,0.0,0.1716,0.2445,0.2695,0.128,FLAG (+16.6%),OK,OK,FLAG (+28.9%),FLAGGED,red (+16.6%); blue (+28.9%),S2B_T43QBF_20230318T054604_L2A
2023,2023-03-03,43QBF,05.09,0.0,0.1531,0.2255,0.2567,0.0907,OK,OK,OK,OK,OK,Within ±15%,S2A_T43QBF_20230303T054445_L2A
2023,2022-12-28,43QBF,05.09,0.0,0.1403,0.2123,0.2198,0.0969,OK,FLAG (-18.6%),OK,OK,FLAGGED,nir (-18.6%),S2B_T43QBF_20221228T054235_L2A
2023,2023-02-06,43QBF,05.09,0.0,0.1517,0.2167,0.2308,0.1113,OK,FLAG (-17.0%),OK,OK,FLAGGED,nir (-17.0%),S2B_T43QBF_20230206T054847_L2A
2023,2023-01-22,43QBF,05.09,0.0,0.1497,0.2184,0.2262,0.104,OK,FLAG (-16.3%),OK,OK,FLAGGED,nir (-16.3%),S2A_T43QBF_20230122T054129_L2A
2023,2023-01-17,43QBF,05.09,0.0,0.1482,0.2215,0.2225,0.1053,OK,FLAG (-15.1%),OK,OK,FLAGGED,nir (-15.1%),S2B_T43QBF_20230117T055039_L2A
2023,2023-03-28,43QBF,05.09,0.0,0.1787,0.2612,0.2707,0.1319,FLAG (+21.4%),OK,OK,FLAG (+32.8%),FLAGGED,red (+21.4%); blue (+32.8%),S2B_T43QBF_20230328T054751_L2A
2023,2023-01-27,43QBF,05.09,0.0,0.1559,0.2265,0.2349,0.1077,OK,OK,OK,OK,OK,Within ±15%,S2B_T43QBF_20230127T054834_L2A
2023,2022-12-23,43QBF,05.09,0.0,0.1386,0.2082,0.2171,0.0928,OK,FLAG (-20.2%),FLAG (-15.7%),OK,FLAGGED,nir (-20.2%); swir16 (-15.7%),S2A_T43QBF_20221223T054236_L2A
2023,2023-01-02,43QBF,05.09,0.0,0.1417,0.2093,0.2204,0.0944,OK,FLAG (-19.8%),OK,OK,FLAGGED,nir (-19.8%),S2A_T43QBF_20230102T054230_L2A
2024,2024-03-22,42QZL,05.10,0.0,0.179,0.3001,0.343,0.1099,FLAG (+21.6%),FLAG (+15.0%),FLAG (+33.2%),OK,FLAGGED,red (+21.6%); nir (+15.0%); swir16 (+33.2%),S2B_T42QZL_20240322T055208_L2A
2024,2024-03-12,42QZL,05.10,0.0,0.1667,0.285,0.328,0.1017,OK,OK,FLAG (+27.4%),OK,FLAGGED,swir16 (+27.4%),S2B_T42QZL_20240312T054520_L2A
2024,2024-01-12,42QZL,05.10,0.0,0.1062,0.2688,0.2631,0.0697,FLAG (-27.8%),OK,OK,FLAG (-29.8%),FLAGGED,red (-27.8%); blue (-29.8%),S2B_T42QZL_20240112T055214_L2A
2024,2023-11-18,42QZL,05.09,0.0,0.1151,0.2882,0.2851,0.0581,FLAG (-21.8%),OK,OK,FLAG (-41.5%),FLAGGED,red (-21.8%); blue (-41.5%),S2A_T42QZL_20231118T054109_L2A
2024,2023-10-29,42QZL,05.09,0.0,0.1157,0.278,0.2825,0.0661,FLAG (-21.4%),OK,OK,FLAG (-33.4%),FLAGGED,red (-21.4%); blue (-33.4%),S2A_T42QZL_20231029T053935_L2A
2024,2023-12-23,42QZL,05.10,0.0,0.114,0.2604,0.2644,0.083,FLAG (-22.5%),OK,OK,FLAG (-16.4%),FLAGGED,red (-22.5%); blue (-16.4%),S2B_T42QZL_20231223T054240_L2A
2024,2024-03-17,42QZL,05.10,0.0,0.1729,0.283,0.3322,0.1018,FLAG (+17.5%),OK,FLAG (+29.0%),OK,FLAGGED,red (+17.5%); swir16 (+29.0%),S2A_T42QZL_20240317T054430_L2A
2024,2023-11-03,42QZL,05.09,0.0,0.1248,0.2799,0.2857,0.0869,FLAG (-15.2%),OK,OK,OK,FLAGGED,red (-15.2%),S2B_T42QZL_20231103T054521_L2A
2024,2024-03-07,42QZL,05.10,0.0,0.1583,0.279,0.3176,0.0922,OK,OK,FLAG (+23.4%),OK,FLAGGED,swir16 (+23.4%),S2A_T42QZL_20240307T054532_L2A
2024,2023-12-08,42QZL,05.09,0.0,0.1096,0.2575,0.2628,0.0705,FLAG (-25.5%),OK,OK,FLAG (-29.0%),FLAGGED,red (-25.5%); blue (-29.0%),S2A_T42QZL_20231208T054219_L2A
2024,2024-03-22,43QBF,05.10,0.0,0.1794,0.2607,0.2723,0.1261,FLAG (+21.9%),OK,OK,FLAG (+27.0%),FLAGGED,red (+21.9%); blue (+27.0%),S2B_T43QBF_20240322T055208_L2A
2024,2024-03-12,43QBF,05.10,0.0,0.1743,0.2494,0.2655,0.1247,FLAG (+18.5%),OK,OK,FLAG (+25.6%),FLAGGED,red (+18.5%); blue (+25.6%),S2B_T43QBF_20240312T054520_L2A
2024,2024-01-12,43QBF,05.10,0.0,0.1438,0.2141,0.221,0.1064,OK,FLAG (-18.0%),OK,OK,FLAGGED,nir (-18.0%),S2B_T43QBF_20240112T055214_L2A
2024,2023-12-23,43QBF,05.10,0.0,0.1431,0.2183,0.2239,0.1119,OK,FLAG (-16.3%),OK,OK,FLAGGED,nir (-16.3%),S2B_T43QBF_20231223T054240_L2A
2024,2023-10-29,43QBF,05.09,0.0,0.1508,0.2344,0.245,0.0974,OK,OK,OK,OK,OK,Within ±15%,S2A_T43QBF_20231029T053935_L2A
2024,2024-03-17,43QBF,05.10,0.0,0.1762,0.2502,0.2686,0.1191,FLAG (+19.7%),OK,OK,FLAG (+19.9%),FLAGGED,red (+19.7%); blue (+19.9%),S2A_T43QBF_20240317T054430_L2A
2024,2023-11-03,43QBF,05.09,0.0,0.1521,0.2298,0.2456,0.1127,OK,OK,OK,OK,OK,Within ±15%,S2B_T43QBF_20231103T054521_L2A
2024,2024-03-07,43QBF,05.10,0.0,0.1697,0.2446,0.2595,0.1165,FLAG (+15.3%),OK,OK,FLAG (+17.3%),FLAGGED,red (+15.3%); blue (+17.3%),S2A_T43QBF_20240307T054532_L2A
2024,2023-12-08,43QBF,05.09,0.0,0.1506,0.2334,0.2333,0.1117,OK,OK,OK,OK,OK,Within ±15%,S2A_T43QBF_20231208T054219_L2A
2024,2023-10-04,43QBF,05.09,0.0,0.1623,0.267,0.2571,0.1213,OK,OK,OK,FLAG (+22.2%),FLAGGED,blue (+22.2%),S2B_T43QBF_20231004T054609_L2A
