year,ring_start_km,ring_end_km,builtup_km2,valid_km2,builtup_pct
2018,0.0,2.0,10.49,12.6,83.25
2018,2.0,4.0,31.74,37.69,84.21
2018,4.0,6.0,51.07,62.8,81.32
2018,6.0,8.0,66.52,88.03,75.57
2018,8.0,10.0,61.86,113.03,54.73
2018,10.0,12.0,45.53,138.18,32.95
2018,12.0,14.0,28.34,163.44,17.34
2018,14.0,16.0,20.4,188.53,10.82
2018,16.0,18.0,18.54,213.54,8.68
2018,18.0,20.0,26.24,238.92,10.98
2018,20.0,22.0,20.35,263.76,7.72
2019,0.0,2.0,10.65,12.6,84.52
2019,2.0,4.0,31.29,37.69,83.02
2019,4.0,6.0,48.21,62.8,76.77
2019,6.0,8.0,58.65,88.03,66.63
2019,8.0,10.0,48.28,113.03,42.71
2019,10.0,12.0,34.59,138.18,25.03
2019,12.0,14.0,18.22,163.44,11.15
2019,14.0,16.0,10.64,188.53,5.64
2019,16.0,18.0,10.04,213.54,4.7
2019,18.0,20.0,15.06,238.92,6.3
2019,20.0,22.0,11.36,263.76,4.31
2020,0.0,2.0,10.4,12.6,82.54
2020,2.0,4.0,31.44,37.69,83.42
2020,4.0,6.0,50.79,62.8,80.88
2020,6.0,8.0,65.64,88.03,74.57
2020,8.0,10.0,62.01,113.03,54.86
2020,10.0,12.0,46.33,138.18,33.53
2020,12.0,14.0,27.66,163.44,16.92
2020,14.0,16.0,17.47,188.53,9.27
2020,16.0,18.0,17.94,213.54,8.4
2020,18.0,20.0,24.91,238.92,10.43
2020,20.0,22.0,21.02,263.76,7.97
2021,0.0,2.0,10.66,12.6,84.6
2021,2.0,4.0,32.05,37.69,85.04
2021,4.0,6.0,51.49,62.8,81.99
2021,6.0,8.0,66.74,88.03,75.82
2021,8.0,10.0,61.73,113.03,54.61
2021,10.0,12.0,47.38,138.18,34.29
2021,12.0,14.0,27.99,163.44,17.13
2021,14.0,16.0,17.71,188.53,9.39
2021,16.0,18.0,18.59,213.54,8.71
2021,18.0,20.0,23.26,238.92,9.74
2021,20.0,22.0,18.7,263.76,7.09
2022,0.0,2.0,10.3,12.6,81.75
2022,2.0,4.0,31.02,37.69,82.3
2022,4.0,6.0,50.55,62.8,80.49
2022,6.0,8.0,65.15,88.03,74.01
2022,8.0,10.0,61.24,113.03,54.18
2022,10.0,12.0,50.26,138.18,36.37
2022,12.0,14.0,29.69,163.44,18.17
2022,14.0,16.0,18.01,188.53,9.55
2022,16.0,18.0,21.16,213.54,9.91
2022,18.0,20.0,27.38,238.92,11.46
2022,20.0,22.0,20.81,263.76,7.89
2023,0.0,2.0,10.46,12.6,83.02
2023,2.0,4.0,32.01,37.69,84.93
2023,4.0,6.0,51.48,62.8,81.97
2023,6.0,8.0,67.04,88.03,76.16
2023,8.0,10.0,65.02,113.03,57.52
2023,10.0,12.0,53.64,138.18,38.82
2023,12.0,14.0,33.26,163.44,20.35
2023,14.0,16.0,21.65,188.53,11.48
2023,16.0,18.0,23.73,213.54,11.11
2023,18.0,20.0,28.24,238.92,11.82
2023,20.0,22.0,21.42,263.76,8.12
2024,0.0,2.0,10.45,12.6,82.94
2024,2.0,4.0,31.81,37.69,84.4
2024,4.0,6.0,51.91,62.8,82.66
2024,6.0,8.0,67.72,88.03,76.93
2024,8.0,10.0,69.55,113.03,61.53
2024,10.0,12.0,59.28,138.18,42.9
2024,12.0,14.0,37.54,163.44,22.97
2024,14.0,16.0,23.35,188.53,12.39
2024,16.0,18.0,26.14,213.54,12.24
2024,18.0,20.0,31.01,238.92,12.98
2024,20.0,22.0,22.17,263.76,8.41
