year,date,mgrs_tile,processing_baseline,cloud_cover_pct,valid_stable_pixels,tile_median_valid_count,stable_median_red,stable_median_nir,stable_median_swir16,stable_median_blue,tile_median_red,tile_median_nir,tile_median_swir16,tile_median_blue,status,drop_reasons,deviations_summary,scene_id,composite_used
2018,2017-12-29,42QZL,5.0,0.0,105127,105127,0.1077,0.2563,0.2476,0.0653,0.1147,0.2738,0.2617,0.0739,KEPT,None,Within ±15%,S2A_T42QZL_20171229T055043_L2A,YES
2018,2017-12-29,43QBF,5.0,0.0,105127,105127,0.1359,0.2078,0.2227,0.0895,0.1492,0.2223,0.2324,0.1063,KEPT,None,blue (-15.8%) [flagged >15%],S2A_T43QBF_20171229T055043_L2A,YES
2018,2018-01-03,42QZL,5.0,0.0,105127,105127,0.1086,0.2678,0.2523,0.0708,0.1147,0.2738,0.2617,0.0739,KEPT,None,Within ±15%,S2B_T42QZL_20180103T055214_L2A,YES
2018,2018-01-03,43QBF,5.0,0.0,105127,105127,0.1387,0.214,0.2246,0.0967,0.1492,0.2223,0.2324,0.1063,KEPT,None,Within ±15%,S2B_T43QBF_20180103T055214_L2A,YES
2018,2018-02-07,42QZL,5.0,10.15,105127,105127,0.1243,0.2685,0.2721,0.0663,0.1147,0.2738,0.2617,0.0739,KEPT,None,Within ±15%,S2A_T42QZL_20180207T054549_L2A,YES
2018,2018-02-07,43QBF,5.0,16.01,98741,105127,0.146,0.2074,0.2365,0.0927,0.1492,0.2223,0.2324,0.1063,KEPT,None,Within ±15%,S2A_T43QBF_20180207T054549_L2A,YES
2018,2018-02-12,42QZL,5.0,1.12,100718,105127,0.1366,0.2805,0.2827,0.0835,0.1147,0.2738,0.2617,0.0739,KEPT,None,red (+19.1%) [flagged >15%],S2B_T42QZL_20180212T054552_L2A,YES
2018,2018-02-12,43QBF,5.0,0.75,104638,105127,0.1493,0.2153,0.2381,0.1005,0.1492,0.2223,0.2324,0.1063,KEPT,None,Within ±15%,S2B_T43QBF_20180212T054552_L2A,YES
2019,2018-11-04,42QZL,5.0,0.0,105127,105127,0.1476,0.2649,0.316,0.0848,0.1147,0.2738,0.2617,0.0739,DROPPED,red (+28.7%) > 25% dev from tile median,red (+28.7%); swir16 (+20.7%) [flagged >15%],S2A_T42QZL_20181104T054006_L2A,NO
2019,2018-11-04,43QBF,5.0,0.12,105127,105127,0.149,0.2224,0.251,0.0983,0.1492,0.2223,0.2324,0.1063,KEPT,None,Within ±15%,S2A_T43QBF_20181104T054006_L2A,YES
2020,2019-11-09,42QZL,5.0,7.52,104799,105127,0.0843,0.253,0.2665,0.0487,0.1147,0.2738,0.2617,0.0739,DROPPED,red (-26.5%) > 25% dev from tile median; blue (-34.1%) > 25% dev from tile median,red (-26.5%); blue (-34.1%),S2A_T42QZL_20191109T054635_L2A,NO
2020,2019-11-09,43QBF,5.0,10.69,102364,105127,0.1444,0.235,0.245,0.1071,0.1492,0.2223,0.2324,0.1063,KEPT,None,Within ±15%,S2A_T43QBF_20191109T054635_L2A,YES
2020,2019-11-14,42QZL,5.0,0.22,105127,105127,0.0925,0.2578,0.2759,0.0725,0.1147,0.2738,0.2617,0.0739,KEPT,None,red (-19.4%) [flagged >15%],S2B_T42QZL_20191114T054414_L2A,YES
2020,2019-11-14,43QBF,5.0,0.21,105047,105127,0.1429,0.2322,0.2423,0.112,0.1492,0.2223,0.2324,0.1063,KEPT,None,Within ±15%,S2B_T43QBF_20191114T054414_L2A,YES
2020,2019-11-24,42QZL,5.0,13.26,105127,105127,0.0932,0.2423,0.2604,0.071,0.1147,0.2738,0.2617,0.0739,KEPT,None,red (-18.7%) [flagged >15%],S2B_T42QZL_20191124T054840_L2A,YES
2020,2019-11-24,43QBF,5.0,12.08,86602,105127,0.1424,0.2261,0.2369,0.1083,0.1492,0.2223,0.2324,0.1063,KEPT,None,Within ±15%,S2B_T43QBF_20191124T054840_L2A,YES
2020,2019-11-29,42QZL,5.0,0.0,105127,105127,0.1178,0.2525,0.2555,0.105,0.1147,0.2738,0.2617,0.0739,DROPPED,blue (+42.1%) > 25% dev from tile median,blue (+42.1%),S2A_T42QZL_20191129T054449_L2A,NO
2020,2019-11-29,43QBF,5.0,0.0,105118,105127,0.157,0.2225,0.2314,0.134,0.1492,0.2223,0.2324,0.1063,DROPPED,blue (+26.1%) > 25% dev from tile median,blue (+26.1%),S2A_T43QBF_20191129T054449_L2A,NO
2020,2019-12-09,42QZL,5.0,3.49,97415,105127,0.1007,0.264,0.26,0.0739,0.1147,0.2738,0.2617,0.0739,KEPT,None,Within ±15%,S2A_T42QZL_20191209T055108_L2A,YES
2020,2019-12-09,43QBF,5.0,3.89,104326,105127,0.1463,0.2247,0.2327,0.1058,0.1492,0.2223,0.2324,0.1063,KEPT,None,Within ±15%,S2A_T43QBF_20191209T055108_L2A,YES
2020,2019-12-14,42QZL,5.0,0.0,105127,105127,0.0905,0.2525,0.2451,0.0683,0.1147,0.2738,0.2617,0.0739,KEPT,None,red (-21.1%) [flagged >15%],S2B_T42QZL_20191214T054841_L2A,YES
2020,2019-12-14,43QBF,5.0,0.0,105127,105127,0.1412,0.2155,0.2221,0.1064,0.1492,0.2223,0.2324,0.1063,KEPT,None,Within ±15%,S2B_T43QBF_20191214T054841_L2A,YES
2020,2019-12-19,42QZL,5.0,0.01,36300,105127,0.1036,0.2786,0.2607,0.0712,0.1147,0.2738,0.2617,0.0739,DROPPED_DUPLICATE,"Duplicate (tile 42QZL, date 2019-12-19): Kept S2A_T42QZL_20191219T055231_L2A (104,581 valid px) over S2A_T42QZL_20191219T054232_L2A (36,300 valid px)",Within ±15%,S2A_T42QZL_20191219T054232_L2A,NO
2020,2019-12-19,42QZL,5.0,0.0,104581,105127,0.0923,0.2604,0.2543,0.0581,0.1147,0.2738,0.2617,0.0739,KEPT,None,red (-19.5%) [flagged >15%]; blue (-21.4%) [flagged >15%],S2A_T42QZL_20191219T055231_L2A,YES
2020,2019-12-19,43QBF,5.0,0.0,93491,105127,0.1455,0.2144,0.2252,0.1046,0.1492,0.2223,0.2324,0.1063,KEPT,None,Within ±15%,S2A_T43QBF_20191219T054232_L2A,YES
2020,2019-12-19,43QBF,5.0,0.0,87313,105127,0.1446,0.2134,0.226,0.1013,0.149,0.2223,0.2323,0.1062,DROPPED_DUPLICATE,"Duplicate (tile 43QBF, date 2019-12-19): Kept S2A_T43QBF_20191219T054232_L2A (93,491 valid px) over S2A_T43QBF_20191219T055231_L2A (87,313 valid px)",Within ±15%,S2A_T43QBF_20191219T055231_L2A,NO
2020,2019-12-24,42QZL,5.0,12.56,105127,105127,0.1059,0.2658,0.2491,0.0893,0.1147,0.2738,0.2617,0.0739,KEPT,None,blue (+20.8%) [flagged >15%],S2B_T42QZL_20191224T054255_L2A,YES
2020,2019-12-24,43QBF,5.0,12.4,104987,105127,0.153,0.2175,0.2272,0.1255,0.1492,0.2223,0.2324,0.1063,KEPT,None,blue (+18.1%) [flagged >15%],S2B_T43QBF_20191224T054255_L2A,YES
2020,2020-01-08,42QZL,5.0,17.54,105127,105127,0.0907,0.2681,0.2481,0.0546,0.1147,0.2738,0.2617,0.0739,DROPPED,blue (-26.1%) > 25% dev from tile median,red (-20.9%) [flagged >15%]; blue (-26.1%),S2A_T42QZL_20200108T055141_L2A,NO
2020,2020-01-08,43QBF,5.0,18.97,12809,105127,0.1478,0.2361,0.2498,0.0998,0.1492,0.2223,0.2324,0.1063,DROPPED,"Valid stable pixels (12,809) < 50% of tile median (105,127) [12.2%]",Within ±15%,S2A_T43QBF_20200108T055141_L2A,NO
2020,2020-01-18,42QZL,5.0,0.0,105127,105127,0.0985,0.2866,0.2448,0.0624,0.1147,0.2738,0.2617,0.0739,KEPT,None,blue (-15.6%) [flagged >15%],S2A_T42QZL_20200118T055101_L2A,YES
2020,2020-01-18,43QBF,5.0,0.0,105112,105127,0.1536,0.2244,0.2323,0.1068,0.1492,0.2223,0.2324,0.1063,KEPT,None,Within ±15%,S2A_T43QBF_20200118T055101_L2A,YES
2020,2020-01-23,42QZL,5.0,0.0,105127,105127,0.1043,0.2825,0.2404,0.0816,0.1147,0.2738,0.2617,0.0739,KEPT,None,Within ±15%,S2B_T42QZL_20200123T054803_L2A,YES
2020,2020-01-23,43QBF,5.0,0.0,105127,105127,0.1531,0.2225,0.2328,0.1125,0.1492,0.2223,0.2324,0.1063,KEPT,None,Within ±15%,S2B_T43QBF_20200123T054803_L2A,YES
2020,2020-02-02,42QZL,5.0,7.82,100641,105127,0.1008,0.2816,0.2414,0.0734,0.1147,0.2738,0.2617,0.0739,KEPT,None,Within ±15%,S2B_T42QZL_20200202T054306_L2A,YES
2020,2020-02-02,43QBF,5.0,8.12,55116,105127,0.152,0.2215,0.2355,0.1069,0.1492,0.2223,0.2324,0.1063,KEPT,None,Within ±15%,S2B_T43QBF_20200202T054306_L2A,YES
2020,2020-02-07,42QZL,5.0,0.0,105127,105127,0.1009,0.2891,0.25,0.0633,0.1147,0.2738,0.2617,0.0739,KEPT,None,Within ±15%,S2A_T42QZL_20200207T054526_L2A,YES
2020,2020-02-07,43QBF,5.0,0.0,105127,105127,0.1558,0.224,0.2416,0.1038,0.1492,0.2223,0.2324,0.1063,KEPT,None,Within ±15%,S2A_T43QBF_20200207T054526_L2A,YES
2020,2020-02-12,42QZL,5.0,0.0,105127,105127,0.1076,0.286,0.2553,0.0787,0.1147,0.2738,0.2617,0.0739,KEPT,None,Within ±15%,S2B_T42QZL_20200212T054015_L2A,YES
2020,2020-02-12,43QBF,5.0,0.0,105122,105127,0.157,0.2238,0.2453,0.111,0.1492,0.2223,0.2324,0.1063,KEPT,None,Within ±15%,S2B_T43QBF_20200212T054015_L2A,YES
2020,2020-02-17,42QZL,5.0,0.0,105127,105127,0.1087,0.2829,0.2574,0.0693,0.1147,0.2738,0.2617,0.0739,KEPT,None,Within ±15%,S2A_T42QZL_20200217T054440_L2A,YES
2020,2020-02-17,43QBF,5.0,0.0,105127,105127,0.1557,0.2243,0.2475,0.1013,0.1492,0.2223,0.2324,0.1063,KEPT,None,Within ±15%,S2A_T43QBF_20200217T054440_L2A,YES
2020,2020-02-22,42QZL,5.0,0.0,105127,105127,0.1177,0.2868,0.264,0.0794,0.1147,0.2738,0.2617,0.0739,KEPT,None,Within ±15%,S2B_T42QZL_20200222T055150_L2A,YES
2020,2020-02-22,43QBF,5.0,0.0,105127,105127,0.1614,0.2314,0.2495,0.1095,0.1492,0.2223,0.2324,0.1063,KEPT,None,Within ±15%,S2B_T43QBF_20200222T055150_L2A,YES
2020,2020-02-27,42QZL,5.0,0.0,105127,105127,0.1195,0.2864,0.2785,0.0674,0.1147,0.2738,0.2617,0.0739,KEPT,None,Within ±15%,S2A_T42QZL_20200227T054840_L2A,YES
2020,2020-02-27,43QBF,5.0,0.0,105127,105127,0.1593,0.2244,0.2519,0.1013,0.1492,0.2223,0.2324,0.1063,KEPT,None,Within ±15%,S2A_T43QBF_20200227T054840_L2A,YES
2021,2020-11-03,42QZL,5.0,0.0,105127,105127,0.1074,0.2661,0.2793,0.0585,0.1147,0.2738,0.2617,0.0739,KEPT,None,blue (-20.8%) [flagged >15%],S2A_T42QZL_20201103T054012_L2A,YES
2021,2020-11-03,43QBF,5.0,0.0,105117,105127,0.1471,0.2383,0.2481,0.0928,0.1492,0.2223,0.2324,0.1063,KEPT,None,Within ±15%,S2A_T43QBF_20201103T054012_L2A,YES
2021,2020-11-08,42QZL,5.0,0.0,105127,105127,0.117,0.2757,0.2766,0.0806,0.1147,0.2738,0.2617,0.0739,KEPT,None,Within ±15%,S2B_T42QZL_20201108T055005_L2A,YES
2021,2020-11-08,43QBF,5.0,0.0,105127,105127,0.1511,0.2387,0.2433,0.1101,0.1492,0.2223,0.2324,0.1063,KEPT,None,Within ±15%,S2B_T43QBF_20201108T055005_L2A,YES
2021,2020-11-13,42QZL,5.0,0.0,105127,105127,0.1147,0.2662,0.2672,0.0759,0.1147,0.2738,0.2617,0.0739,KEPT,None,Within ±15%,S2A_T42QZL_20201113T054102_L2A,YES
2021,2020-11-13,43QBF,5.0,0.0,105110,105127,0.1477,0.2243,0.239,0.104,0.1492,0.2223,0.2324,0.1063,KEPT,None,Within ±15%,S2A_T43QBF_20201113T054102_L2A,YES
2021,2020-11-23,42QZL,5.0,0.0,105127,105127,0.1103,0.2791,0.2655,0.0686,0.1147,0.2738,0.2617,0.0739,KEPT,None,Within ±15%,S2A_T42QZL_20201123T054143_L2A,YES
2021,2020-11-23,43QBF,5.0,0.0,105127,105127,0.1467,0.227,0.2336,0.1009,0.1492,0.2223,0.2324,0.1063,KEPT,None,Within ±15%,S2A_T43QBF_20201123T054143_L2A,YES
2021,2020-11-28,42QZL,5.0,0.0,105127,105127,0.1092,0.2774,0.2611,0.0733,0.1147,0.2738,0.2617,0.0739,KEPT,None,Within ±15%,S2B_T42QZL_20201128T054158_L2A,YES
2021,2020-11-28,43QBF,5.0,0.0,105127,105127,0.1471,0.2294,0.2316,0.1067,0.1492,0.2223,0.2324,0.1063,KEPT,None,Within ±15%,S2B_T43QBF_20201128T054158_L2A,YES
2021,2020-12-03,42QZL,5.0,0.0,105127,105127,0.107,0.2703,0.2617,0.068,0.1147,0.2738,0.2617,0.0739,KEPT,None,Within ±15%,S2A_T42QZL_20201203T054212_L2A,YES
2021,2020-12-03,43QBF,5.0,0.0,105127,105127,0.1424,0.2181,0.2276,0.0966,0.1492,0.2223,0.2324,0.1063,KEPT,None,Within ±15%,S2A_T43QBF_20201203T054212_L2A,YES
2021,2020-12-08,42QZL,5.0,0.0,105127,105127,0.11,0.2712,0.2621,0.0769,0.1147,0.2738,0.2617,0.0739,KEPT,None,Within ±15%,S2B_T42QZL_20201208T054222_L2A,YES
2021,2020-12-08,43QBF,5.0,0.15,105127,105127,0.142,0.2147,0.2262,0.1026,0.1492,0.2223,0.2324,0.1063,KEPT,None,Within ±15%,S2B_T43QBF_20201208T054222_L2A,YES
2021,2020-12-13,42QZL,5.0,3.56,105127,105127,0.0973,0.2584,0.2476,0.06,0.1147,0.2738,0.2617,0.0739,KEPT,None,red (-15.2%) [flagged >15%]; blue (-18.8%) [flagged >15%],S2A_T42QZL_20201213T054229_L2A,YES
2021,2020-12-13,43QBF,5.0,6.03,105110,105127,0.1536,0.2202,0.2264,0.1274,0.1492,0.2223,0.2324,0.1063,KEPT,None,blue (+19.8%) [flagged >15%],S2A_T43QBF_20201213T054229_L2A,YES
2021,2020-12-18,42QZL,5.0,0.0,105127,105127,0.1016,0.2733,0.2466,0.0725,0.1147,0.2738,0.2617,0.0739,KEPT,None,Within ±15%,S2B_T42QZL_20201218T054233_L2A,YES
2021,2020-12-18,43QBF,5.0,0.0,105127,105127,0.145,0.2244,0.224,0.1103,0.1492,0.2223,0.2324,0.1063,KEPT,None,Within ±15%,S2B_T43QBF_20201218T054233_L2A,YES
2021,2020-12-23,42QZL,5.0,0.0,105127,105127,0.101,0.2614,0.2472,0.066,0.1147,0.2738,0.2617,0.0739,KEPT,None,Within ±15%,S2A_T42QZL_20201223T054237_L2A,YES
2021,2020-12-23,43QBF,5.0,0.0,105124,105127,0.1388,0.2108,0.2195,0.0972,0.1492,0.2223,0.2324,0.1063,KEPT,None,Within ±15%,S2A_T43QBF_20201223T054237_L2A,YES
2021,2020-12-28,42QZL,5.0,4.18,103927,105127,0.1105,0.2867,0.247,0.0739,0.1147,0.2738,0.2617,0.0739,KEPT,None,Within ±15%,S2B_T42QZL_20201228T054233_L2A,YES
2021,2020-12-28,43QBF,5.0,4.49,104578,105127,0.151,0.2333,0.2244,0.1093,0.1492,0.2223,0.2324,0.1063,KEPT,None,Within ±15%,S2B_T43QBF_20201228T054233_L2A,YES
2021,2021-01-07,42QZL,5.0,11.69,100466,105127,0.1126,0.2804,0.2515,0.0799,0.1147,0.2738,0.2617,0.0739,KEPT,None,Within ±15%,S2B_T42QZL_20210107T054220_L2A,YES
2021,2021-01-07,43QBF,5.0,13.93,103573,105127,0.1604,0.2203,0.2287,0.1343,0.1492,0.2223,0.2324,0.1063,DROPPED,blue (+26.3%) > 25% dev from tile median,blue (+26.3%),S2B_T43QBF_20210107T054220_L2A,NO
2021,2021-01-12,42QZL,5.0,0.0,105127,105127,0.1113,0.2738,0.2516,0.0726,0.1147,0.2738,0.2617,0.0739,KEPT,None,Within ±15%,S2A_T42QZL_20210112T054208_L2A,YES
2021,2021-01-12,43QBF,5.0,0.0,105127,105127,0.1476,0.2152,0.2272,0.0994,0.1492,0.2223,0.2324,0.1063,KEPT,None,Within ±15%,S2A_T43QBF_20210112T054208_L2A,YES
2021,2021-01-17,42QZL,5.0,0.0,105127,105127,0.0989,0.2834,0.2575,0.0528,0.1147,0.2738,0.2617,0.0739,DROPPED,blue (-28.6%) > 25% dev from tile median,blue (-28.6%),S2B_T42QZL_20210117T054151_L2A,NO
2021,2021-01-17,43QBF,5.0,0.0,105127,105127,0.1469,0.2135,0.2285,0.1079,0.1492,0.2223,0.2324,0.1063,KEPT,None,Within ±15%,S2B_T43QBF_20210117T054151_L2A,YES
2021,2021-01-22,42QZL,5.0,0.0,105127,105127,0.1104,0.2738,0.2485,0.0706,0.1147,0.2738,0.2617,0.0739,KEPT,None,Within ±15%,S2A_T42QZL_20210122T054132_L2A,YES
2021,2021-01-22,43QBF,5.0,0.0,105127,105127,0.143,0.2107,0.222,0.0977,0.1492,0.2223,0.2324,0.1063,KEPT,None,Within ±15%,S2A_T43QBF_20210122T054132_L2A,YES
2021,2021-01-27,42QZL,5.0,1.02,104620,105127,0.1186,0.2847,0.2558,0.08,0.1147,0.2738,0.2617,0.0739,KEPT,None,Within ±15%,S2B_T42QZL_20210127T055157_L2A,YES
2021,2021-01-27,43QBF,5.0,1.11,98817,105127,0.1505,0.2256,0.2259,0.107,0.1492,0.2223,0.2324,0.1063,KEPT,None,Within ±15%,S2B_T43QBF_20210127T055157_L2A,YES
2021,2021-02-01,42QZL,5.0,0.0,105127,105127,0.1192,0.276,0.2609,0.0728,0.1147,0.2738,0.2617,0.0739,KEPT,None,Within ±15%,S2A_T42QZL_20210201T054043_L2A,YES
2021,2021-02-01,43QBF,5.0,0.0,105127,105127,0.149,0.2166,0.23,0.0992,0.1492,0.2223,0.2324,0.1063,KEPT,None,Within ±15%,S2A_T43QBF_20210201T054043_L2A,YES
2021,2021-02-06,42QZL,5.0,0.0,105127,105127,0.1257,0.2821,0.2721,0.0828,0.1147,0.2738,0.2617,0.0739,KEPT,None,Within ±15%,S2B_T42QZL_20210206T054833_L2A,YES
2021,2021-02-06,43QBF,5.0,0.0,105127,105127,0.1531,0.2246,0.2346,0.1076,0.1492,0.2223,0.2324,0.1063,KEPT,None,Within ±15%,S2B_T43QBF_20210206T054833_L2A,YES
2021,2021-02-16,42QZL,5.0,0.0,105127,105127,0.1309,0.2838,0.2831,0.0783,0.1147,0.2738,0.2617,0.0739,KEPT,None,Within ±15%,S2B_T42QZL_20210216T054724_L2A,YES
2021,2021-02-16,43QBF,5.0,0.0,105127,105127,0.1536,0.2205,0.2417,0.1037,0.1492,0.2223,0.2324,0.1063,KEPT,None,Within ±15%,S2B_T43QBF_20210216T054724_L2A,YES
2021,2021-02-21,42QZL,5.0,0.0,105127,105127,0.137,0.2804,0.2894,0.0775,0.1147,0.2738,0.2617,0.0739,KEPT,None,red (+19.4%) [flagged >15%],S2A_T42QZL_20210221T054628_L2A,YES
2021,2021-02-21,43QBF,5.0,0.0,105127,105127,0.1573,0.2251,0.2468,0.1002,0.1492,0.2223,0.2324,0.1063,KEPT,None,Within ±15%,S2A_T43QBF_20210221T054628_L2A,YES
2021,2021-02-26,42QZL,5.0,0.0,105127,105127,0.1491,0.2842,0.3018,0.0917,0.1147,0.2738,0.2617,0.0739,DROPPED,red (+30.0%) > 25% dev from tile median,red (+30.0%); swir16 (+15.3%) [flagged >15%]; blue (+24.1%) [flagged >15%],S2B_T42QZL_20210226T054247_L2A,NO
2021,2021-02-26,43QBF,5.0,0.0,105127,105127,0.1619,0.2279,0.2504,0.11,0.1492,0.2223,0.2324,0.1063,KEPT,None,Within ±15%,S2B_T43QBF_20210226T054247_L2A,YES
2023,2022-12-08,42QZL,5.09,0.0,105127,105127,0.1202,0.2797,0.2587,0.0807,0.1147,0.2738,0.2617,0.0739,KEPT,None,Within ±15%,S2B_T42QZL_20221208T055222_L2A,YES
2023,2022-12-08,43QBF,5.09,0.0,105127,105127,0.1406,0.2166,0.2193,0.1002,0.1492,0.2223,0.2324,0.1063,KEPT,None,Within ±15%,S2B_T43QBF_20221208T055222_L2A,YES
2023,2022-12-13,42QZL,5.09,14.39,87474,105127,0.1443,0.2716,0.2799,0.1157,0.1147,0.2738,0.2617,0.0739,DROPPED,red (+25.8%) > 25% dev from tile median; blue (+56.6%) > 25% dev from tile median,red (+25.8%); blue (+56.6%),S2A_T42QZL_20221213T054232_L2A,NO
2023,2022-12-13,43QBF,5.09,11.22,100140,105127,0.1585,0.2109,0.2326,0.1264,0.1492,0.2223,0.2324,0.1063,KEPT,None,blue (+18.9%) [flagged >15%],S2A_T43QBF_20221213T054232_L2A,YES
2023,2022-12-18,42QZL,5.09,0.0,105127,105127,0.117,0.2688,0.2646,0.0766,0.1147,0.2738,0.2617,0.0739,KEPT,None,Within ±15%,S2B_T42QZL_20221218T054234_L2A,YES
2023,2022-12-18,43QBF,5.09,0.0,105127,105127,0.1384,0.2005,0.221,0.1008,0.1492,0.2223,0.2324,0.1063,KEPT,None,Within ±15%,S2B_T43QBF_20221218T054234_L2A,YES
2023,2022-12-23,42QZL,5.09,0.0,105127,105127,0.1198,0.2805,0.2622,0.0708,0.1147,0.2738,0.2617,0.0739,KEPT,None,Within ±15%,S2A_T42QZL_20221223T054236_L2A,YES
2023,2022-12-23,43QBF,5.09,0.0,105127,105127,0.1386,0.2082,0.2171,0.0928,0.1492,0.2223,0.2324,0.1063,KEPT,None,Within ±15%,S2A_T43QBF_20221223T054236_L2A,YES
2023,2022-12-28,42QZL,5.09,0.0,105127,105127,0.1209,0.2767,0.2575,0.0811,0.1147,0.2738,0.2617,0.0739,KEPT,None,Within ±15%,S2B_T42QZL_20221228T054235_L2A,YES
2023,2022-12-28,43QBF,5.09,0.0,105127,105127,0.1403,0.2123,0.2198,0.0969,0.1492,0.2223,0.2324,0.1063,KEPT,None,Within ±15%,S2B_T43QBF_20221228T054235_L2A,YES
2023,2023-01-02,42QZL,5.09,0.0,105127,105127,0.1147,0.2786,0.2572,0.0666,0.1147,0.2738,0.2617,0.0739,KEPT,None,Within ±15%,S2A_T42QZL_20230102T054230_L2A,YES
2023,2023-01-02,43QBF,5.09,0.0,105122,105127,0.1417,0.2093,0.2204,0.0944,0.1492,0.2223,0.2324,0.1063,KEPT,None,Within ±15%,S2A_T43QBF_20230102T054230_L2A,YES
2023,2023-01-07,42QZL,5.09,0.0,105127,105127,0.1442,0.2728,0.2621,0.1266,0.1147,0.2738,0.2617,0.0739,DROPPED,red (+25.7%) > 25% dev from tile median; blue (+71.3%) > 25% dev from tile median,red (+25.7%); blue (+71.3%),S2B_T42QZL_20230107T055210_L2A,NO
2023,2023-01-07,43QBF,5.09,0.0,105100,105127,0.1519,0.2154,0.2327,0.1152,0.1492,0.2223,0.2324,0.1063,KEPT,None,Within ±15%,S2B_T43QBF_20230107T055210_L2A,YES
2023,2023-01-12,42QZL,5.09,19.59,105127,105127,0.1185,0.2698,0.2573,0.0696,0.1147,0.2738,0.2617,0.0739,KEPT,None,Within ±15%,S2A_T42QZL_20230112T054554_L2A,YES
2023,2023-01-17,42QZL,5.09,0.0,105127,105127,0.1231,0.2837,0.2549,0.0821,0.1147,0.2738,0.2617,0.0739,KEPT,None,Within ±15%,S2B_T42QZL_20230117T055039_L2A,YES
2023,2023-01-17,43QBF,5.09,0.0,105127,105127,0.1482,0.2215,0.2225,0.1053,0.1492,0.2223,0.2324,0.1063,KEPT,None,Within ±15%,S2B_T43QBF_20230117T055039_L2A,YES
2023,2023-01-22,42QZL,5.09,0.0,105127,105127,0.1222,0.2862,0.2617,0.0719,0.1147,0.2738,0.2617,0.0739,KEPT,None,Within ±15%,S2A_T42QZL_20230122T054129_L2A,YES
2023,2023-01-22,43QBF,5.09,0.0,105127,105127,0.1497,0.2184,0.2262,0.104,0.1492,0.2223,0.2324,0.1063,KEPT,None,Within ±15%,S2A_T43QBF_20230122T054129_L2A,YES
2023,2023-01-27,42QZL,5.09,0.0,105127,105127,0.1282,0.2887,0.2698,0.0823,0.1147,0.2738,0.2617,0.0739,KEPT,None,Within ±15%,S2B_T42QZL_20230127T054834_L2A,YES
2023,2023-01-27,43QBF,5.09,0.0,105127,105127,0.1559,0.2265,0.2349,0.1077,0.1492,0.2223,0.2324,0.1063,KEPT,None,Within ±15%,S2B_T43QBF_20230127T054834_L2A,YES
2023,2023-02-01,42QZL,5.09,0.03,105127,105127,0.1219,0.269,0.2558,0.075,0.1147,0.2738,0.2617,0.0739,KEPT,None,Within ±15%,S2A_T42QZL_20230201T054044_L2A,YES
2023,2023-02-01,43QBF,5.09,0.0,105127,105127,0.1495,0.2221,0.2269,0.1062,0.1492,0.2223,0.2324,0.1063,KEPT,None,Within ±15%,S2A_T43QBF_20230201T054044_L2A,YES
2023,2023-02-06,42QZL,5.09,0.0,105127,105127,0.132,0.2654,0.2647,0.0878,0.1147,0.2738,0.2617,0.0739,KEPT,None,red (+15.1%) [flagged >15%]; blue (+18.8%) [flagged >15%],S2B_T42QZL_20230206T054847_L2A,YES
2023,2023-02-06,43QBF,5.09,0.0,105127,105127,0.1517,0.2167,0.2308,0.1113,0.1492,0.2223,0.2324,0.1063,KEPT,None,Within ±15%,S2B_T43QBF_20230206T054847_L2A,YES
2023,2023-02-11,42QZL,5.09,0.11,105127,105127,0.1347,0.2707,0.2685,0.0831,0.1147,0.2738,0.2617,0.0739,KEPT,None,red (+17.4%) [flagged >15%],S2A_T42QZL_20230211T055137_L2A,YES
2023,2023-02-11,43QBF,5.09,0.09,105127,105127,0.153,0.2217,0.2341,0.1051,0.1492,0.2223,0.2324,0.1063,KEPT,None,Within ±15%,S2A_T43QBF_20230211T055137_L2A,YES
2023,2023-02-16,42QZL,5.09,1.12,100713,105127,0.1381,0.2748,0.2809,0.0863,0.1147,0.2738,0.2617,0.0739,KEPT,None,red (+20.4%) [flagged >15%]; blue (+16.8%) [flagged >15%],S2B_T42QZL_20230216T054848_L2A,YES
2023,2023-02-16,43QBF,5.09,0.86,104148,105127,0.1536,0.223,0.2337,0.1096,0.1492,0.2223,0.2324,0.1063,KEPT,None,Within ±15%,S2B_T43QBF_20230216T054848_L2A,YES
2023,2023-02-26,42QZL,5.09,0.05,105127,105127,0.1504,0.2791,0.298,0.0925,0.1147,0.2738,0.2617,0.0739,DROPPED,red (+31.1%) > 25% dev from tile median; blue (+25.2%) > 25% dev from tile median,red (+31.1%); blue (+25.2%),S2B_T42QZL_20230226T055132_L2A,NO
2023,2023-02-26,43QBF,5.09,0.02,105115,105127,0.1577,0.227,0.2421,0.1098,0.1492,0.2223,0.2324,0.1063,KEPT,None,Within ±15%,S2B_T43QBF_20230226T055132_L2A,YES
2024,2023-11-03,42QZL,5.09,0.0,105127,105127,0.1248,0.2799,0.2857,0.0869,0.1147,0.2738,0.2617,0.0739,KEPT,None,blue (+17.6%) [flagged >15%],S2B_T42QZL_20231103T054521_L2A,YES
2024,2023-11-03,43QBF,5.09,0.0,105127,105127,0.1521,0.2298,0.2456,0.1127,0.1492,0.2223,0.2324,0.1063,KEPT,None,Within ±15%,S2B_T43QBF_20231103T054521_L2A,YES
2024,2023-11-18,42QZL,5.09,0.0,105127,105127,0.1151,0.2882,0.2851,0.0582,0.1147,0.2738,0.2617,0.0739,KEPT,None,blue (-21.2%) [flagged >15%],S2A_T42QZL_20231118T054109_L2A,YES
2024,2023-11-18,43QBF,5.09,0.0,104557,105127,0.1476,0.2306,0.2502,0.0872,0.1492,0.2223,0.2324,0.1063,KEPT,None,blue (-18.0%) [flagged >15%],S2A_T43QBF_20231118T054109_L2A,YES
2024,2023-11-23,42QZL,5.09,0.0,105127,105127,0.1182,0.2746,0.2623,0.0819,0.1147,0.2738,0.2617,0.0739,KEPT,None,Within ±15%,S2B_T42QZL_20231123T055038_L2A,YES
2024,2023-11-23,43QBF,5.09,0.0,105127,105127,0.1474,0.2227,0.2292,0.111,0.1492,0.2223,0.2324,0.1063,KEPT,None,Within ±15%,S2B_T43QBF_20231123T055038_L2A,YES
2024,2023-12-08,42QZL,5.09,0.0,105127,105127,0.1096,0.2575,0.2628,0.0705,0.1147,0.2738,0.2617,0.0739,KEPT,None,Within ±15%,S2A_T42QZL_20231208T054219_L2A,YES
2024,2023-12-08,43QBF,5.09,0.0,105115,105127,0.1506,0.2334,0.2333,0.1117,0.1492,0.2223,0.2324,0.1063,KEPT,None,Within ±15%,S2A_T43QBF_20231208T054219_L2A,YES
2024,2023-12-18,42QZL,5.1,2.58,105127,105127,0.1139,0.264,0.2581,0.0784,0.1147,0.2738,0.2617,0.0739,KEPT,None,Within ±15%,S2A_T42QZL_20231218T054232_L2A,YES
2024,2023-12-18,43QBF,5.1,2.94,105093,105127,0.1419,0.2243,0.2212,0.1027,0.1492,0.2223,0.2324,0.1063,KEPT,None,Within ±15%,S2A_T43QBF_20231218T054232_L2A,YES
2024,2023-12-23,42QZL,5.1,0.0,105127,105127,0.114,0.2604,0.2644,0.083,0.1147,0.2738,0.2617,0.0739,KEPT,None,Within ±15%,S2B_T42QZL_20231223T054240_L2A,YES
2024,2023-12-23,43QBF,5.1,0.0,105127,105127,0.1431,0.2183,0.2239,0.1119,0.1492,0.2223,0.2324,0.1063,KEPT,None,Within ±15%,S2B_T43QBF_20231223T054240_L2A,YES
2024,2024-01-02,42QZL,5.1,16.97,105127,105127,0.1177,0.2864,0.2684,0.0767,0.1147,0.2738,0.2617,0.0739,KEPT,None,Within ±15%,S2B_T42QZL_20240102T054232_L2A,YES
2024,2024-01-07,42QZL,5.1,14.84,64423,105127,0.1229,0.2713,0.2762,0.0798,0.1147,0.2738,0.2617,0.0739,KEPT,None,Within ±15%,S2A_T42QZL_20240107T054218_L2A,YES
2024,2024-01-07,43QBF,5.1,15.48,64773,105127,0.1688,0.2266,0.2369,0.132,0.1492,0.2223,0.2324,0.1063,KEPT,None,blue (+24.2%) [flagged >15%],S2A_T43QBF_20240107T054218_L2A,YES
2024,2024-01-12,42QZL,5.1,0.0,105127,105127,0.1062,0.2688,0.2631,0.0697,0.1147,0.2738,0.2617,0.0739,KEPT,None,Within ±15%,S2B_T42QZL_20240112T055214_L2A,YES
2024,2024-01-12,43QBF,5.1,0.0,105127,105127,0.1438,0.2141,0.221,0.1064,0.1492,0.2223,0.2324,0.1063,KEPT,None,Within ±15%,S2B_T43QBF_20240112T055214_L2A,YES
2024,2024-01-17,42QZL,5.1,1.79,105127,105127,0.1122,0.269,0.2603,0.0734,0.1147,0.2738,0.2617,0.0739,KEPT,None,Within ±15%,S2A_T42QZL_20240117T054147_L2A,YES
2024,2024-01-17,43QBF,5.1,2.41,104129,105127,0.1523,0.217,0.2235,0.1159,0.1492,0.2223,0.2324,0.1063,KEPT,None,Within ±15%,S2A_T43QBF_20240117T054147_L2A,YES
2024,2024-02-16,42QZL,5.1,3.92,105127,105127,0.1298,0.2736,0.2919,0.0736,0.1147,0.2738,0.2617,0.0739,KEPT,None,Within ±15%,S2A_T42QZL_20240216T054950_L2A,YES
2024,2024-02-16,43QBF,5.1,3.57,103179,105127,0.1559,0.2223,0.2489,0.101,0.1492,0.2223,0.2324,0.1063,KEPT,None,Within ±15%,S2A_T43QBF_20240216T054950_L2A,YES
