year,date,mgrs_tile,processing_baseline,cloud_cover_pct,valid_stable_pixels,tile_median_valid_count,stable_median_red,stable_median_nir,stable_median_swir16,stable_median_blue,tile_median_red,tile_median_nir,tile_median_swir16,tile_median_blue,status,drop_reasons,deviations_summary,scene_id
2019,2019-01-05,43QCA,05.00,2.29,85629,94535,0.117,0.1725,0.1846,0.0858,0.1153,0.182,0.1909,0.0879,KEPT,None,Within ±15%,S2B_T43QCA_20190105T053603_L2A
2019,2019-01-05,43QDA,05.00,5.47,79439,94535,0.0999,0.2033,0.189,0.0681,0.0873,0.2117,0.1906,0.0547,KEPT,None,blue (+24.5%) [flagged >15%],S2B_T43QDA_20190105T053603_L2A
2019,2019-01-25,43QCA,05.00,0.0,94535,94535,0.12,0.176,0.1883,0.0839,0.1153,0.182,0.1909,0.0879,KEPT,None,Within ±15%,S2B_T43QCA_20190125T053305_L2A
2020,2019-11-06,43QDA,05.00,16.49,67175,94535,0.0602,0.2342,0.1781,0.0391,0.0873,0.2117,0.1906,0.0547,DROPPED,red (-31.0%) > 25% dev from tile median; blue (-28.5%) > 25% dev from tile median,red (-31.0%); blue (-28.5%),S2A_T43QDA_20191106T053455_L2A
2020,2019-11-11,43QCA,05.00,3.08,89971,94535,0.1065,0.2061,0.193,0.0963,0.1153,0.182,0.1909,0.0879,KEPT,None,Within ±15%,S2B_T43QCA_20191111T053120_L2A
2020,2019-11-11,43QCA,05.00,2.61,0,94535,,,,,0.1153,0.182,0.1909,0.0879,DROPPED,"Valid stable pixels (0) < 50% of tile median (94,535) [0.0%]",Within ±15%,S2B_T43QCA_20191111T054354_L2A
2020,2019-11-11,43QDA,05.00,0.2,94345,94535,0.0609,0.2353,0.1808,0.0417,0.0873,0.2117,0.1906,0.0547,DROPPED,red (-30.2%) > 25% dev from tile median,red (-30.2%); blue (-23.8%) [flagged >15%],S2B_T43QDA_20191111T053120_L2A
2020,2019-11-16,43QCA,05.00,3.75,92253,94535,0.1077,0.1963,0.1955,0.0903,0.1153,0.182,0.1909,0.0879,KEPT,None,Within ±15%,S2A_T43QCA_20191116T053812_L2A
2020,2019-11-16,43QDA,05.00,2.98,70548,94535,0.0679,0.2284,0.1951,0.0417,0.0873,0.2117,0.1906,0.0547,KEPT,None,red (-22.2%) [flagged >15%]; blue (-23.8%) [flagged >15%],S2A_T43QDA_20191116T053812_L2A
2020,2019-11-21,43QCA,05.00,11.31,67901,94535,0.119,0.2063,0.2034,0.1075,0.1153,0.182,0.1909,0.0879,KEPT,None,blue (+22.3%) [flagged >15%],S2B_T43QCA_20191121T053334_L2A
2020,2019-11-26,43QCA,05.00,1.3,92359,94535,0.1101,0.1905,0.1906,0.0901,0.1153,0.182,0.1909,0.0879,KEPT,None,Within ±15%,S2A_T43QCA_20191126T053952_L2A
2020,2019-11-26,43QDA,05.00,11.67,91514,94535,0.0673,0.2226,0.1887,0.0328,0.0873,0.2117,0.1906,0.0547,DROPPED,blue (-40.0%) > 25% dev from tile median,red (-22.9%) [flagged >15%]; blue (-40.0%),S2A_T43QDA_20191126T053952_L2A
2020,2019-12-01,43QDA,05.00,12.4,93164,94535,0.0782,0.2223,0.1909,0.051,0.0873,0.2117,0.1906,0.0547,KEPT,None,Within ±15%,S2B_T43QDA_20191201T054340_L2A
2020,2019-12-06,43QCA,05.00,10.29,93334,94535,0.1128,0.186,0.1947,0.0855,0.1153,0.182,0.1909,0.0879,KEPT,None,Within ±15%,S2A_T43QCA_20191206T053823_L2A
2020,2019-12-06,43QDA,05.00,2.22,91929,94535,0.0775,0.2191,0.197,0.0401,0.0873,0.2117,0.1906,0.0547,DROPPED,blue (-26.7%) > 25% dev from tile median,blue (-26.7%),S2A_T43QDA_20191206T053823_L2A
2020,2019-12-11,43QCA,05.00,3.96,88441,94535,0.1102,0.1828,0.1865,0.0898,0.1153,0.182,0.1909,0.0879,KEPT,None,Within ±15%,S2B_T43QCA_20191211T053623_L2A
2020,2019-12-11,43QDA,05.00,0.19,94520,94535,0.0735,0.2117,0.1834,0.046,0.0873,0.2117,0.1906,0.0547,KEPT,None,red (-15.8%) [flagged >15%]; blue (-15.9%) [flagged >15%],S2B_T43QDA_20191211T053623_L2A
2020,2019-12-16,43QCA,05.00,6.28,85986,94535,0.1241,0.1881,0.1913,0.1042,0.1153,0.182,0.1909,0.0879,KEPT,None,blue (+18.5%) [flagged >15%],S2A_T43QCA_20191216T054120_L2A
2020,2019-12-16,43QDA,05.00,4.86,87324,94535,0.0832,0.214,0.1872,0.057,0.0873,0.2117,0.1906,0.0547,KEPT,None,Within ±15%,S2A_T43QDA_20191216T054120_L2A
2020,2019-12-21,43QDA,05.00,12.19,91339,94535,0.0817,0.22,0.1933,0.0524,0.0873,0.2117,0.1906,0.0547,KEPT,None,Within ±15%,S2B_T43QDA_20191221T053652_L2A
2020,2019-12-31,43QCA,05.00,0.0,94519,94535,0.1054,0.1782,0.1812,0.0809,0.1153,0.182,0.1909,0.0879,KEPT,None,Within ±15%,S2B_T43QCA_20191231T053726_L2A
2020,2019-12-31,43QDA,05.00,0.14,94534,94535,0.0718,0.2058,0.1795,0.0433,0.0873,0.2117,0.1906,0.0547,KEPT,None,red (-17.8%) [flagged >15%]; blue (-20.8%) [flagged >15%],S2B_T43QDA_20191231T053726_L2A
2020,2020-01-05,43QCA,05.00,18.93,50527,94535,0.13,0.1871,0.1897,0.1161,0.1153,0.182,0.1909,0.0879,DROPPED,blue (+32.1%) > 25% dev from tile median,blue (+32.1%),S2A_T43QCA_20200105T053922_L2A
2020,2020-01-05,43QDA,05.00,8.39,85153,94535,0.0964,0.2182,0.1862,0.0777,0.0873,0.2117,0.1906,0.0547,DROPPED,blue (+42.0%) > 25% dev from tile median,blue (+42.0%),S2A_T43QDA_20200105T053922_L2A
2020,2020-01-15,43QCA,05.00,0.8,94005,94535,0.1182,0.1757,0.1891,0.0905,0.1153,0.182,0.1909,0.0879,KEPT,None,Within ±15%,S2A_T43QCA_20200115T054011_L2A
2020,2020-01-15,43QDA,05.00,0.0,94535,94535,0.0805,0.2047,0.189,0.045,0.0873,0.2117,0.1906,0.0547,KEPT,None,blue (-17.7%) [flagged >15%],S2A_T43QDA_20200115T054011_L2A
2020,2020-01-20,43QCA,05.00,0.07,94488,94535,0.1187,0.1764,0.1903,0.0962,0.1153,0.182,0.1909,0.0879,KEPT,None,Within ±15%,S2B_T43QCA_20200120T053410_L2A
2020,2020-01-20,43QDA,05.00,0.02,94179,94535,0.0896,0.2058,0.1885,0.0675,0.0873,0.2117,0.1906,0.0547,KEPT,None,blue (+23.4%) [flagged >15%],S2B_T43QDA_20200120T053410_L2A
2020,2020-01-25,43QCA,05.00,7.7,71690,94535,0.1151,0.1699,0.1868,0.0862,0.1153,0.182,0.1909,0.0879,KEPT,None,Within ±15%,S2A_T43QCA_20200125T053846_L2A
2020,2020-01-25,43QDA,05.00,13.43,91806,94535,0.087,0.2014,0.1865,0.0556,0.0873,0.2117,0.1906,0.0547,KEPT,None,Within ±15%,S2A_T43QDA_20200125T053846_L2A
2020,2020-01-30,43QCA,05.00,0.0,94535,94535,0.1172,0.1787,0.1885,0.0876,0.1153,0.182,0.1909,0.0879,KEPT,None,Within ±15%,S2B_T43QCA_20200130T053806_L2A
2020,2020-01-30,43QDA,05.00,0.0,94535,94535,0.0868,0.2089,0.187,0.0542,0.0873,0.2117,0.1906,0.0547,KEPT,None,Within ±15%,S2B_T43QDA_20200130T053806_L2A
2020,2020-02-04,43QCA,05.00,0.56,93493,94535,0.1179,0.1737,0.1959,0.0822,0.1153,0.182,0.1909,0.0879,KEPT,None,Within ±15%,S2A_T43QCA_20200204T053431_L2A
2020,2020-02-04,43QCA,05.00,2.89,30674,94535,0.1161,0.1715,0.1911,0.0836,0.1153,0.182,0.1909,0.0879,DROPPED,"Valid stable pixels (30,674) < 50% of tile median (94,535) [32.4%]",Within ±15%,S2A_T43QCA_20200204T054342_L2A
2020,2020-02-04,43QDA,05.00,5.27,94487,94535,0.0905,0.2057,0.196,0.0557,0.0873,0.2117,0.1906,0.0547,KEPT,None,Within ±15%,S2A_T43QDA_20200204T053431_L2A
2020,2020-02-04,43QDA,05.00,3.89,16636,94535,0.0938,0.2167,0.1945,0.0587,0.0873,0.2117,0.1906,0.0547,DROPPED,"Valid stable pixels (16,636) < 50% of tile median (94,535) [17.6%]",Within ±15%,S2A_T43QDA_20200204T054342_L2A
2020,2020-02-09,43QCA,05.00,13.29,72351,94535,0.1406,0.1939,0.2068,0.1212,0.1153,0.182,0.1909,0.0879,DROPPED,blue (+37.9%) > 25% dev from tile median,red (+21.9%) [flagged >15%]; blue (+37.9%),S2B_T43QCA_20200209T054142_L2A
2020,2020-02-09,43QDA,05.00,11.29,91449,94535,0.1002,0.2261,0.204,0.0689,0.0873,0.2117,0.1906,0.0547,DROPPED,blue (+26.0%) > 25% dev from tile median,blue (+26.0%),S2B_T43QDA_20200209T054142_L2A
2020,2020-02-14,43QCA,05.00,0.0,94535,94535,0.1228,0.1808,0.2024,0.0837,0.1153,0.182,0.1909,0.0879,KEPT,None,Within ±15%,S2A_T43QCA_20200214T054219_L2A
2020,2020-02-14,43QDA,05.00,0.0,94535,94535,0.0962,0.21,0.1989,0.0644,0.0873,0.2117,0.1906,0.0547,KEPT,None,blue (+17.7%) [flagged >15%],S2A_T43QDA_20200214T054219_L2A
2020,2020-02-19,43QCA,05.00,0.0,94535,94535,0.1227,0.1806,0.2021,0.087,0.1153,0.182,0.1909,0.0879,KEPT,None,Within ±15%,S2B_T43QCA_20200219T053831_L2A
2020,2020-02-19,43QDA,05.00,0.0,94535,94535,0.0978,0.2086,0.1996,0.0668,0.0873,0.2117,0.1906,0.0547,KEPT,None,blue (+22.1%) [flagged >15%],S2B_T43QDA_20200219T053831_L2A
2020,2020-02-24,43QCA,05.00,0.0,94535,94535,0.1241,0.1794,0.2053,0.0813,0.1153,0.182,0.1909,0.0879,KEPT,None,Within ±15%,S2A_T43QCA_20200224T054233_L2A
2020,2020-02-24,43QDA,05.00,0.0,94535,94535,0.101,0.2047,0.2017,0.0663,0.0873,0.2117,0.1906,0.0547,KEPT,None,red (+15.7%) [flagged >15%]; blue (+21.2%) [flagged >15%],S2A_T43QDA_20200224T054233_L2A
2020,2020-02-29,43QCA,05.00,0.14,94535,94535,0.1303,0.1886,0.2145,0.0936,0.1153,0.182,0.1909,0.0879,KEPT,None,Within ±15%,S2B_T43QCA_20200229T053618_L2A
2020,2020-02-29,43QDA,05.00,0.68,94535,94535,0.1077,0.2139,0.2098,0.0768,0.0873,0.2117,0.1906,0.0547,DROPPED,blue (+40.4%) > 25% dev from tile median,red (+23.4%) [flagged >15%]; blue (+40.4%),S2B_T43QDA_20200229T053618_L2A
2021,2020-11-05,43QCA,05.00,0.0,94535,94535,0.1081,0.2074,0.1992,0.0892,0.1153,0.182,0.1909,0.0879,KEPT,None,Within ±15%,S2B_T43QCA_20201105T053704_L2A
2021,2020-11-05,43QDA,05.00,0.0,94535,94535,0.0696,0.2383,0.1883,0.0468,0.0873,0.2117,0.1906,0.0547,KEPT,None,red (-20.3%) [flagged >15%],S2B_T43QDA_20201105T053704_L2A
2021,2020-11-10,43QCA,05.00,0.0,94535,94535,0.1106,0.2046,0.194,0.0873,0.1153,0.182,0.1909,0.0879,KEPT,None,Within ±15%,S2A_T43QCA_20201110T053044_L2A
2021,2020-11-10,43QDA,05.00,0.0,94533,94535,0.0699,0.2383,0.188,0.0372,0.0873,0.2117,0.1906,0.0547,DROPPED,blue (-32.0%) > 25% dev from tile median,red (-19.9%) [flagged >15%]; blue (-32.0%),S2A_T43QDA_20201110T053044_L2A
2021,2020-11-15,43QCA,05.00,1.15,92035,94535,0.1113,0.1948,0.1958,0.0939,0.1153,0.182,0.1909,0.0879,KEPT,None,Within ±15%,S2B_T43QCA_20201115T053930_L2A
2021,2020-11-15,43QDA,05.00,7.76,94490,94535,0.0689,0.2273,0.1908,0.0352,0.0873,0.2117,0.1906,0.0547,DROPPED,blue (-35.6%) > 25% dev from tile median,red (-21.1%) [flagged >15%]; blue (-35.6%),S2B_T43QDA_20201115T053930_L2A
2021,2020-11-20,43QCA,05.00,19.37,74716,94535,0.1133,0.187,0.1961,0.0956,0.1153,0.182,0.1909,0.0879,KEPT,None,Within ±15%,S2A_T43QCA_20201120T053128_L2A
2021,2020-11-20,43QDA,05.00,5.42,47894,94535,0.0739,0.2205,0.1844,0.0505,0.0873,0.2117,0.1906,0.0547,KEPT,None,red (-15.3%) [flagged >15%],S2A_T43QDA_20201120T053128_L2A
2021,2020-11-25,43QCA,05.00,0.0,94535,94535,0.1067,0.1941,0.1909,0.0893,0.1153,0.182,0.1909,0.0879,KEPT,None,Within ±15%,S2B_T43QCA_20201125T054255_L2A
2021,2020-11-25,43QDA,05.00,0.03,94535,94535,0.0692,0.2215,0.1861,0.0431,0.0873,0.2117,0.1906,0.0547,KEPT,None,red (-20.7%) [flagged >15%]; blue (-21.2%) [flagged >15%],S2B_T43QDA_20201125T054255_L2A
2021,2020-11-30,43QCA,05.00,7.45,72618,94535,0.1086,0.181,0.1944,0.0882,0.1153,0.182,0.1909,0.0879,KEPT,None,Within ±15%,S2A_T43QCA_20201130T053200_L2A
2021,2020-12-05,43QCA,05.00,0.0,94502,94535,0.1092,0.1889,0.1853,0.0918,0.1153,0.182,0.1909,0.0879,KEPT,None,Within ±15%,S2B_T43QCA_20201205T054258_L2A
2021,2020-12-05,43QDA,05.00,0.0,94535,94535,0.0775,0.221,0.1852,0.0533,0.0873,0.2117,0.1906,0.0547,KEPT,None,Within ±15%,S2B_T43QDA_20201205T054258_L2A
2021,2020-12-10,43QCA,05.00,0.66,94535,94535,0.1062,0.1704,0.1871,0.0805,0.1153,0.182,0.1909,0.0879,KEPT,None,Within ±15%,S2A_T43QCA_20201210T053220_L2A
2021,2020-12-10,43QDA,05.00,0.18,94534,94535,0.0758,0.202,0.1887,0.0423,0.0873,0.2117,0.1906,0.0547,KEPT,None,blue (-22.7%) [flagged >15%],S2A_T43QDA_20201210T053220_L2A
2021,2020-12-15,43QDA,05.00,4.13,64021,94535,0.0887,0.2236,0.1892,0.0761,0.0873,0.2117,0.1906,0.0547,DROPPED,blue (+39.1%) > 25% dev from tile median,blue (+39.1%),S2B_T43QDA_20201215T053227_L2A
2021,2020-12-15,43QDA,05.00,2.8,48237,94535,0.0947,0.2153,0.1829,0.088,0.0873,0.2117,0.1906,0.0547,DROPPED,blue (+60.9%) > 25% dev from tile median,blue (+60.9%),S2B_T43QDA_20201215T054345_L2A
2021,2020-12-20,43QCA,05.00,0.0,94535,94535,0.11,0.1844,0.185,0.0864,0.1153,0.182,0.1909,0.0879,KEPT,None,Within ±15%,S2A_T43QCA_20201220T053233_L2A
2021,2020-12-20,43QDA,05.00,0.0,94535,94535,0.0788,0.2155,0.1878,0.0462,0.0873,0.2117,0.1906,0.0547,KEPT,None,blue (-15.5%) [flagged >15%],S2A_T43QDA_20201220T053233_L2A
2021,2020-12-25,43QCA,05.00,0.23,94535,94535,0.111,0.1772,0.1848,0.0932,0.1153,0.182,0.1909,0.0879,KEPT,None,Within ±15%,S2B_T43QCA_20201225T053231_L2A
2021,2020-12-25,43QDA,05.00,0.0,94471,94535,0.0759,0.2085,0.189,0.0435,0.0873,0.2117,0.1906,0.0547,KEPT,None,blue (-20.5%) [flagged >15%],S2B_T43QDA_20201225T053231_L2A
2021,2020-12-30,43QCA,05.00,0.0,94535,94535,0.1165,0.1783,0.1861,0.0923,0.1153,0.182,0.1909,0.0879,KEPT,None,Within ±15%,S2A_T43QCA_20201230T054259_L2A
2021,2020-12-30,43QDA,05.00,0.0,94535,94535,0.0899,0.209,0.188,0.0643,0.0873,0.2117,0.1906,0.0547,KEPT,None,blue (+17.6%) [flagged >15%],S2A_T43QDA_20201230T054259_L2A
2021,2021-01-19,43QCA,05.00,9.28,91394,94535,0.1239,0.1834,0.1953,0.1027,0.1153,0.182,0.1909,0.0879,KEPT,None,blue (+16.8%) [flagged >15%],S2A_T43QCA_20210119T053141_L2A
2021,2021-01-19,43QDA,05.00,0.8,62682,94535,0.0874,0.2191,0.1917,0.0623,0.0873,0.2117,0.1906,0.0547,KEPT,None,Within ±15%,S2A_T43QDA_20210119T053141_L2A
2021,2021-01-24,43QCA,05.00,0.0,94535,94535,0.1107,0.1809,0.188,0.0873,0.1153,0.182,0.1909,0.0879,KEPT,None,Within ±15%,S2B_T43QCA_20210124T054131_L2A
2021,2021-01-24,43QDA,05.00,0.0,94535,94535,0.0805,0.2027,0.1899,0.051,0.0873,0.2117,0.1906,0.0547,KEPT,None,Within ±15%,S2B_T43QDA_20210124T054131_L2A
2021,2021-01-29,43QCA,05.00,0.12,94535,94535,0.114,0.1788,0.1921,0.0837,0.1153,0.182,0.1909,0.0879,KEPT,None,Within ±15%,S2A_T43QCA_20210129T053728_L2A
2021,2021-01-29,43QDA,05.00,2.38,94535,94535,0.091,0.2016,0.1938,0.0605,0.0873,0.2117,0.1906,0.0547,KEPT,None,Within ±15%,S2A_T43QDA_20210129T053728_L2A
2021,2021-02-03,43QCA,05.00,0.0,94535,94535,0.1148,0.1821,0.1926,0.087,0.1153,0.182,0.1909,0.0879,KEPT,None,Within ±15%,S2B_T43QCA_20210203T053744_L2A
2021,2021-02-03,43QDA,05.00,0.0,94535,94535,0.0873,0.2036,0.1936,0.0563,0.0873,0.2117,0.1906,0.0547,KEPT,None,Within ±15%,S2B_T43QDA_20210203T053744_L2A
2021,2021-02-08,43QCA,05.00,0.01,94535,94535,0.1164,0.1844,0.1932,0.083,0.1153,0.182,0.1909,0.0879,KEPT,None,Within ±15%,S2A_T43QCA_20210208T053618_L2A
2021,2021-02-08,43QDA,05.00,0.0,94535,94535,0.0877,0.2044,0.1943,0.0477,0.0873,0.2117,0.1906,0.0547,KEPT,None,Within ±15%,S2A_T43QDA_20210208T053618_L2A
2021,2021-02-13,43QCA,05.00,0.0,94535,94535,0.1201,0.1822,0.2005,0.0904,0.1153,0.182,0.1909,0.0879,KEPT,None,Within ±15%,S2B_T43QCA_20210213T053443_L2A
2021,2021-02-13,43QDA,05.00,0.0,94535,94535,0.1009,0.2009,0.1964,0.0773,0.0873,0.2117,0.1906,0.0547,DROPPED,blue (+41.3%) > 25% dev from tile median,red (+15.6%) [flagged >15%]; blue (+41.3%),S2B_T43QDA_20210213T053443_L2A
2021,2021-02-18,43QCA,05.00,1.72,94409,94535,0.1161,0.182,0.2107,0.0706,0.1153,0.182,0.1909,0.0879,KEPT,None,blue (-19.7%) [flagged >15%],S2A_T43QCA_20210218T053346_L2A
2021,2021-02-23,43QCA,05.00,0.03,94535,94535,0.1212,0.1859,0.2063,0.0946,0.1153,0.182,0.1909,0.0879,KEPT,None,Within ±15%,S2B_T43QCA_20210223T053251_L2A
2021,2021-02-23,43QDA,05.00,0.0,94535,94535,0.0962,0.1982,0.201,0.0702,0.0873,0.2117,0.1906,0.0547,DROPPED,blue (+28.3%) > 25% dev from tile median,blue (+28.3%),S2B_T43QDA_20210223T053251_L2A
2021,2021-02-28,43QCA,05.00,0.0,94535,94535,0.1235,0.1905,0.207,0.0863,0.1153,0.182,0.1909,0.0879,KEPT,None,Within ±15%,S2A_T43QCA_20210228T054143_L2A
2021,2021-02-28,43QDA,05.00,0.0,94535,94535,0.0984,0.2004,0.2027,0.0608,0.0873,0.2117,0.1906,0.0547,KEPT,None,Within ±15%,S2A_T43QDA_20210228T054143_L2A
2023,2022-12-10,43QCA,05.09,0.01,94535,94535,0.1066,0.1752,0.1788,0.0767,0.1153,0.182,0.1909,0.0879,KEPT,None,Within ±15%,S2A_T43QCA_20221210T053224_L2A
2023,2022-12-10,43QDA,05.09,0.13,94535,94535,0.081,0.212,0.1858,0.0444,0.0873,0.2117,0.1906,0.0547,KEPT,None,blue (-18.8%) [flagged >15%],S2A_T43QDA_20221210T053224_L2A
2023,2022-12-20,43QCA,05.09,0.0,94535,94535,0.1073,0.1743,0.1782,0.0807,0.1153,0.182,0.1909,0.0879,KEPT,None,Within ±15%,S2A_T43QCA_20221220T053233_L2A
2023,2022-12-20,43QDA,05.09,0.0,94535,94535,0.08,0.2097,0.1861,0.0453,0.0873,0.2117,0.1906,0.0547,KEPT,None,blue (-17.2%) [flagged >15%],S2A_T43QDA_20221220T053233_L2A
2023,2022-12-25,43QCA,05.09,0.0,94535,94535,0.1092,0.1712,0.1769,0.09,0.1153,0.182,0.1909,0.0879,KEPT,None,Within ±15%,S2B_T43QCA_20221225T053233_L2A
2023,2022-12-25,43QDA,05.09,0.0,94535,94535,0.0798,0.2102,0.1873,0.0472,0.0873,0.2117,0.1906,0.0547,KEPT,None,Within ±15%,S2B_T43QDA_20221225T053233_L2A
2023,2022-12-30,43QCA,05.09,0.02,94535,94535,0.1067,0.1674,0.179,0.0768,0.1153,0.182,0.1909,0.0879,KEPT,None,Within ±15%,S2A_T43QCA_20221230T053230_L2A
2023,2022-12-30,43QDA,05.09,0.03,94535,94535,0.0805,0.2056,0.1891,0.0418,0.0873,0.2117,0.1906,0.0547,KEPT,None,blue (-23.6%) [flagged >15%],S2A_T43QDA_20221230T053230_L2A
2023,2023-01-04,43QCA,05.09,0.02,94535,94535,0.1268,0.1814,0.1877,0.114,0.1153,0.182,0.1909,0.0879,DROPPED,blue (+29.7%) > 25% dev from tile median,blue (+29.7%),S2B_T43QCA_20230104T053222_L2A
2023,2023-01-04,43QDA,05.09,8.77,94535,94535,0.1241,0.217,0.1906,0.1237,0.0873,0.2117,0.1906,0.0547,DROPPED,red (+42.2%) > 25% dev from tile median; blue (+126.1%) > 25% dev from tile median,red (+42.2%); blue (+126.1%),S2B_T43QDA_20230104T053222_L2A
2023,2023-01-09,43QCA,05.09,0.0,94535,94535,0.1094,0.1734,0.1774,0.0796,0.1153,0.182,0.1909,0.0879,KEPT,None,Within ±15%,S2A_T43QCA_20230109T053215_L2A
2023,2023-01-09,43QDA,05.09,0.0,94535,94535,0.0844,0.2109,0.1848,0.05,0.0873,0.2117,0.1906,0.0547,KEPT,None,Within ±15%,S2A_T43QDA_20230109T053215_L2A
2023,2023-01-14,43QCA,05.09,0.0,94535,94535,0.1147,0.1776,0.1815,0.0855,0.1153,0.182,0.1909,0.0879,KEPT,None,Within ±15%,S2B_T43QCA_20230114T053155_L2A
2023,2023-01-14,43QDA,05.09,0.0,94535,94535,0.0893,0.2142,0.1893,0.0524,0.0873,0.2117,0.1906,0.0547,KEPT,None,Within ±15%,S2B_T43QDA_20230114T053155_L2A
2023,2023-01-19,43QCA,05.09,0.0,94535,94535,0.1127,0.1676,0.1794,0.0826,0.1153,0.182,0.1909,0.0879,KEPT,None,Within ±15%,S2A_T43QCA_20230119T053136_L2A
2023,2023-01-19,43QDA,05.09,0.0,94535,94535,0.0898,0.2015,0.1864,0.0571,0.0873,0.2117,0.1906,0.0547,KEPT,None,Within ±15%,S2A_T43QDA_20230119T053136_L2A
2023,2023-01-24,43QCA,05.09,0.01,94535,94535,0.1186,0.1737,0.1898,0.0901,0.1153,0.182,0.1909,0.0879,KEPT,None,Within ±15%,S2B_T43QCA_20230124T054253_L2A
2023,2023-01-24,43QDA,05.09,0.02,94535,94535,0.1,0.2083,0.1923,0.0767,0.0873,0.2117,0.1906,0.0547,DROPPED,blue (+40.2%) > 25% dev from tile median,blue (+40.2%),S2B_T43QDA_20230124T054253_L2A
2023,2023-01-29,43QCA,05.09,6.1,94535,94535,0.1148,0.1711,0.1872,0.0792,0.1153,0.182,0.1909,0.0879,KEPT,None,Within ±15%,S2A_T43QCA_20230129T054249_L2A
2023,2023-01-29,43QDA,05.09,0.0,94529,94535,0.0967,0.2072,0.1913,0.0676,0.0873,0.2117,0.1906,0.0547,KEPT,None,blue (+23.6%) [flagged >15%],S2A_T43QDA_20230129T054249_L2A
2023,2023-02-03,43QCA,05.09,0.0,94535,94535,0.1164,0.1795,0.1908,0.0825,0.1153,0.182,0.1909,0.0879,KEPT,None,Within ±15%,S2B_T43QCA_20230203T053321_L2A
2023,2023-02-03,43QCA,05.09,0.0,5702,94535,0.0411,0.0995,0.0738,0.0416,0.1153,0.182,0.1909,0.0879,DROPPED,"Valid stable pixels (5,702) < 50% of tile median (94,535) [6.0%]; red (-64.4%) > 25% dev from tile median; nir (-45.3%) > 25% dev from tile median; swir16 (-61.3%) > 25% dev from tile median; blue (-52.7%) > 25% dev from tile median",red (-64.4%); nir (-45.3%); swir16 (-61.3%); blue (-52.7%),S2B_T43QCA_20230203T054349_L2A
2023,2023-02-03,43QDA,05.09,1.35,94535,94535,0.088,0.2148,0.1945,0.0519,0.0873,0.2117,0.1906,0.0547,KEPT,None,Within ±15%,S2B_T43QDA_20230203T053321_L2A
2023,2023-02-03,43QDA,05.09,4.22,1203,94535,0.0837,0.2297,0.1889,0.0441,0.0873,0.2117,0.1906,0.0547,DROPPED,"Valid stable pixels (1,203) < 50% of tile median (94,535) [1.3%]",blue (-19.4%) [flagged >15%],S2B_T43QDA_20230203T054349_L2A
2023,2023-02-08,43QCA,05.09,11.26,94390,94535,0.1176,0.1751,0.19,0.0768,0.1153,0.182,0.1909,0.0879,KEPT,None,Within ±15%,S2A_T43QCA_20230208T054008_L2A
2023,2023-02-08,43QDA,05.09,6.15,94535,94535,0.0948,0.2114,0.1948,0.0559,0.0873,0.2117,0.1906,0.0547,KEPT,None,Within ±15%,S2A_T43QDA_20230208T054008_L2A
2023,2023-02-13,43QCA,05.09,0.04,94535,94535,0.1227,0.183,0.192,0.0879,0.1153,0.182,0.1909,0.0879,KEPT,None,Within ±15%,S2B_T43QCA_20230213T054022_L2A
2023,2023-02-13,43QDA,05.09,0.0,94535,94535,0.0965,0.2192,0.1965,0.0568,0.0873,0.2117,0.1906,0.0547,KEPT,None,Within ±15%,S2B_T43QDA_20230213T054022_L2A
2023,2023-02-18,43QCA,05.09,0.97,94478,94535,0.1235,0.1852,0.1949,0.0818,0.1153,0.182,0.1909,0.0879,KEPT,None,Within ±15%,S2A_T43QCA_20230218T053651_L2A
2023,2023-02-18,43QDA,05.09,0.0,94535,94535,0.0994,0.2195,0.1991,0.0547,0.0873,0.2117,0.1906,0.0547,KEPT,None,Within ±15%,S2A_T43QDA_20230218T053651_L2A
2023,2023-02-23,43QCA,05.09,0.0,94535,94535,0.1242,0.1858,0.1985,0.0851,0.1153,0.182,0.1909,0.0879,KEPT,None,Within ±15%,S2B_T43QCA_20230223T053419_L2A
2023,2023-02-23,43QDA,05.09,0.0,94535,94535,0.1034,0.2188,0.1996,0.067,0.0873,0.2117,0.1906,0.0547,KEPT,None,red (+18.4%) [flagged >15%]; blue (+22.5%) [flagged >15%],S2B_T43QDA_20230223T053419_L2A
2023,2023-02-28,43QCA,05.09,0.0,94535,94535,0.1295,0.1839,0.2018,0.0954,0.1153,0.182,0.1909,0.0879,KEPT,None,Within ±15%,S2A_T43QCA_20230228T053351_L2A
2023,2023-02-28,43QDA,05.09,0.0,94535,94535,0.1131,0.2129,0.2037,0.0828,0.0873,0.2117,0.1906,0.0547,DROPPED,red (+29.6%) > 25% dev from tile median; blue (+51.4%) > 25% dev from tile median,red (+29.6%); blue (+51.4%),S2A_T43QDA_20230228T053351_L2A
2024,2023-11-15,43QCA,05.11,1.19,94060,94535,0.1136,0.2023,0.2014,0.0871,0.1153,0.182,0.1909,0.0879,KEPT,None,Within ±15%,S2A_T43QCA_20231115T054326_L2A
2024,2023-11-15,43QDA,05.11,0.0,94535,94535,0.0816,0.2289,0.1983,0.0493,0.0873,0.2117,0.1906,0.0547,KEPT,None,Within ±15%,S2A_T43QDA_20231115T054326_L2A
2024,2023-11-20,43QCA,05.09,9.21,88062,94535,0.1134,0.2009,0.2019,0.0922,0.1153,0.182,0.1909,0.0879,KEPT,None,Within ±15%,S2B_T43QCA_20231120T054335_L2A
2024,2023-11-20,43QDA,05.09,16.46,91843,94535,0.0851,0.2302,0.1986,0.0583,0.0873,0.2117,0.1906,0.0547,KEPT,None,Within ±15%,S2B_T43QDA_20231120T054335_L2A
2024,2023-12-10,43QCA,05.09,0.04,94535,94535,0.1074,0.1845,0.1846,0.0901,0.1153,0.182,0.1909,0.0879,KEPT,None,Within ±15%,S2B_T43QCA_20231210T053918_L2A
2024,2023-12-10,43QDA,05.09,0.01,94535,94535,0.0746,0.2046,0.1881,0.0488,0.0873,0.2117,0.1906,0.0547,KEPT,None,Within ±15%,S2B_T43QDA_20231210T053918_L2A
2024,2023-12-15,43QCA,05.10,0.01,94533,94535,0.1105,0.1877,0.1836,0.0871,0.1153,0.182,0.1909,0.0879,KEPT,None,Within ±15%,S2A_T43QCA_20231215T053226_L2A
2024,2023-12-15,43QDA,05.10,0.61,94512,94535,0.0772,0.2135,0.1916,0.042,0.0873,0.2117,0.1906,0.0547,KEPT,None,blue (-23.2%) [flagged >15%],S2A_T43QDA_20231215T053226_L2A
2024,2023-12-25,43QCA,05.10,8.09,94260,94535,0.1117,0.1772,0.1815,0.0874,0.1153,0.182,0.1909,0.0879,KEPT,None,Within ±15%,S2A_T43QCA_20231225T053231_L2A
2024,2023-12-25,43QDA,05.10,1.3,94474,94535,0.078,0.2057,0.1912,0.0388,0.0873,0.2117,0.1906,0.0547,DROPPED,blue (-29.1%) > 25% dev from tile median,blue (-29.1%),S2A_T43QDA_20231225T053231_L2A
2024,2023-12-30,43QCA,05.10,3.09,90176,94535,0.1133,0.1759,0.1779,0.0961,0.1153,0.182,0.1909,0.0879,KEPT,None,Within ±15%,S2B_T43QCA_20231230T053232_L2A
2024,2023-12-30,43QDA,05.10,6.89,69253,94535,0.0894,0.204,0.1876,0.0636,0.0873,0.2117,0.1906,0.0547,KEPT,None,blue (+16.3%) [flagged >15%],S2B_T43QDA_20231230T053232_L2A
2024,2024-01-04,43QCA,05.10,3.75,90043,94535,0.1384,0.1841,0.1846,0.1235,0.1153,0.182,0.1909,0.0879,DROPPED,blue (+40.5%) > 25% dev from tile median,red (+20.0%) [flagged >15%]; blue (+40.5%),S2A_T43QCA_20240104T053220_L2A
2024,2024-01-04,43QDA,05.10,1.2,89623,94535,0.0966,0.2127,0.1974,0.0624,0.0873,0.2117,0.1906,0.0547,KEPT,None,Within ±15%,S2A_T43QDA_20240104T053220_L2A
2024,2024-01-14,43QCA,05.10,0.05,94535,94535,0.1055,0.1717,0.1809,0.0796,0.1153,0.182,0.1909,0.0879,KEPT,None,Within ±15%,S2A_T43QCA_20240114T053155_L2A
2024,2024-01-14,43QDA,05.10,0.01,94535,94535,0.0751,0.1935,0.184,0.0422,0.0873,0.2117,0.1906,0.0547,KEPT,None,blue (-22.9%) [flagged >15%],S2A_T43QDA_20240114T053155_L2A
2024,2024-01-19,43QCA,05.10,0.02,94533,94535,0.1107,0.176,0.182,0.0914,0.1153,0.182,0.1909,0.0879,KEPT,None,Within ±15%,S2B_T43QCA_20240119T054312_L2A
2024,2024-01-19,43QDA,05.10,9.29,94487,94535,0.0829,0.2014,0.1862,0.0591,0.0873,0.2117,0.1906,0.0547,KEPT,None,Within ±15%,S2B_T43QDA_20240119T054312_L2A
2024,2024-01-29,43QCA,05.10,13.62,94432,94535,0.1185,0.1849,0.1946,0.0898,0.1153,0.182,0.1909,0.0879,KEPT,None,Within ±15%,S2B_T43QCA_20240129T054145_L2A
2024,2024-02-03,43QCA,05.10,0.0,94535,94535,0.1153,0.1751,0.1904,0.0835,0.1153,0.182,0.1909,0.0879,KEPT,None,Within ±15%,S2A_T43QCA_20240203T054257_L2A
2024,2024-02-03,43QDA,05.10,0.0,94535,94535,0.0881,0.1992,0.1939,0.0522,0.0873,0.2117,0.1906,0.0547,KEPT,None,Within ±15%,S2A_T43QDA_20240203T054257_L2A
2024,2024-02-08,43QCA,05.10,14.96,68614,94535,0.1209,0.1829,0.1933,0.0928,0.1153,0.182,0.1909,0.0879,KEPT,None,Within ±15%,S2B_T43QCA_20240208T053445_L2A
2024,2024-02-08,43QDA,05.10,6.26,68290,94535,0.0856,0.213,0.1905,0.0521,0.0873,0.2117,0.1906,0.0547,KEPT,None,Within ±15%,S2B_T43QDA_20240208T053445_L2A
2024,2024-02-13,43QCA,05.10,18.36,57096,94535,0.1279,0.1891,0.2,0.0903,0.1153,0.182,0.1909,0.0879,KEPT,None,Within ±15%,S2A_T43QCA_20240213T053836_L2A
2024,2024-02-13,43QDA,05.10,12.11,94535,94535,0.1005,0.209,0.2013,0.0621,0.0873,0.2117,0.1906,0.0547,KEPT,None,red (+15.1%) [flagged >15%],S2A_T43QDA_20240213T053836_L2A
2024,2024-02-18,43QCA,05.10,0.0,94535,94535,0.1214,0.1799,0.1967,0.0916,0.1153,0.182,0.1909,0.0879,KEPT,None,Within ±15%,S2B_T43QCA_20240218T053641_L2A
2024,2024-02-18,43QDA,05.10,0.0,94535,94535,0.0995,0.2051,0.2008,0.0671,0.0873,0.2117,0.1906,0.0547,KEPT,None,blue (+22.7%) [flagged >15%],S2B_T43QDA_20240218T053641_L2A
2024,2024-02-23,43QCA,05.10,0.0,94535,94535,0.1272,0.1916,0.2012,0.0879,0.1153,0.182,0.1909,0.0879,KEPT,None,Within ±15%,S2A_T43QCA_20240223T053517_L2A
2024,2024-02-23,43QDA,05.10,0.0,94535,94535,0.1046,0.2152,0.2052,0.0617,0.0873,0.2117,0.1906,0.0547,KEPT,None,red (+19.8%) [flagged >15%],S2A_T43QDA_20240223T053517_L2A
2024,2024-02-28,43QCA,05.10,0.0,94535,94535,0.1268,0.1881,0.2126,0.0903,0.1153,0.182,0.1909,0.0879,KEPT,None,Within ±15%,S2B_T43QCA_20240228T053352_L2A
2024,2024-02-28,43QDA,05.10,3.08,94535,94535,0.1106,0.2093,0.2119,0.0817,0.0873,0.2117,0.1906,0.0547,DROPPED,red (+26.7%) > 25% dev from tile median; blue (+49.4%) > 25% dev from tile median,red (+26.7%); blue (+49.4%),S2B_T43QDA_20240228T053352_L2A
